launch_id,timestamp,thrust(N),pressure(bar),temperature(C),vibration(g),stress(Pa),heat_shield_temp(C),ambient_temp(C),wind_speed(m/s),stage,block
S001,2023-04-20 12:00:00,14833,67.02,29.36,3.5,53323,19.65,24.48,0.31,booster,Block 1
S001,2023-04-20 12:00:10,4152,170.85,33.29,6.37,43222,21.07,23.82,-0.23,booster,Block 1
S001,2023-04-20 12:00:20,17713,60.74,30.54,4.14,64049,66.61,24.48,0.44,booster,Block 1
S001,2023-04-20 12:00:30,17388,71.07,25.79,3.9,48426,0.41,25.07,0.17,booster,Block 1
S001,2023-04-20 12:00:40,12328,53.96,26.69,3.65,36192,10.41,24.94,0.35,booster,Block 1
S001,2023-04-20 12:00:50,14850,63.95,35.25,5.46,47515,52.98,24.27,0.61,booster,Block 1
S001,2023-04-20 12:01:00,15298,67.63,42.66,4.44,45258,17.24,24.55,-0.05,booster,Block 1
S001,2023-04-20 12:01:10,11709,80.74,32.93,4.02,42317,-10.27,24.65,-0.11,booster,Block 1
S001,2023-04-20 12:01:20,16279,61.74,37.62,5.68,69146,10.64,24.3,0.92,booster,Block 1
S001,2023-04-20 12:01:30,12363,73.52,35.21,5.2,50272,50.67,24.54,0.91,booster,Block 1
S001,2023-04-20 12:01:40,16213,53.95,43.32,8.4,45642,24.48,24.82,0.32,booster,Block 1
S001,2023-04-20 12:01:50,13149,47.28,39.4,5.17,25477,70.13,23.28,0.01,booster,Block 1
S001,2023-04-20 12:02:00,15146,58.83,40.62,3.51,42333,21.37,24.44,0.06,booster,Block 1
S001,2023-04-20 12:02:10,13487,64.38,52.79,4.42,49010,48.48,25.07,1.25,booster,Block 1
S001,2023-04-20 12:02:20,15868,53.88,39.6,3.95,59721,52.79,23.75,0.04,booster,Block 1
S001,2023-04-20 12:02:30,14950,59.94,44.55,5.18,68536,7.3,24.8,-0.12,booster,Block 1
S001,2023-04-20 12:02:40,17875,67.3,48.0,4.86,46227,25.67,24.65,-0.6,booster,Block 1
S001,2023-04-20 12:02:50,16179,68.2,43.27,4.76,57297,9.93,24.74,0.85,booster,Block 1
S001,2023-04-20 12:03:00,14874,53.35,41.83,8.02,43682,7.64,24.34,0.22,ship,Block 1
S001,2023-04-20 12:03:10,15216,68.97,45.93,4.62,50714,32.54,24.35,-0.01,ship,Block 1
S001,2023-04-20 12:03:20,17463,48.9,53.33,5.32,46616,12.87,25.38,1.12,ship,Block 1
S001,2023-04-20 12:03:30,13469,55.12,52.96,3.23,51652,33.41,24.12,0.47,ship,Block 1
S001,2023-04-20 12:03:40,12628,63.32,45.33,2.45,58271,36.77,24.06,1.09,ship,Block 1
S001,2023-04-20 12:03:50,15008,66.5,48.04,5.33,48647,39.92,25.07,-0.0,ship,Block 1
S001,2023-04-20 12:04:00,16221,50.33,72.07,6.19,63563,-20.2,25.46,-0.18,ship,Block 1
S001,2023-04-20 12:04:10,15868,69.97,56.14,5.99,59106,32.03,24.98,0.21,ship,Block 1
S001,2023-04-20 12:04:20,15351,49.23,44.88,6.17,62734,24.27,24.53,-0.03,ship,Block 1
S001,2023-04-20 12:04:30,13858,85.2,51.51,4.4,49956,18.14,24.08,-0.05,ship,Block 1
S001,2023-04-20 12:04:40,15528,55.32,59.98,4.9,55276,49.74,24.43,-0.08,ship,Block 1
S001,2023-04-20 12:04:50,17300,74.38,59.16,6.34,42373,10.79,24.07,-0.06,ship,Block 1
S001,2023-04-20 12:05:00,930,7.3,99.22,0.28,-1838,43.18,24.46,0.66,ship,Block 1
S001,2023-04-20 12:05:10,7,6.12,82.12,1.93,13900,24.81,24.68,0.63,ship,Block 1
S001,2023-04-20 12:05:20,2826,1.6,102.49,0.34,20376,56.7,24.39,-0.41,ship,Block 1
S001,2023-04-20 12:05:30,2178,8.83,107.71,1.09,5495,53.1,24.84,0.15,ship,Block 1
S001,2023-04-20 12:05:40,534,13.16,94.23,0.74,-2576,5.53,24.8,0.93,ship,Block 1
S001,2023-04-20 12:05:50,-152,21.54,105.51,-0.08,18781,36.5,24.58,0.29,ship,Block 1
S001,2023-04-20 12:06:00,283,-4.11,96.38,2.64,-13,18.26,24.79,0.26,ship,Block 1
S001,2023-04-20 12:06:10,2410,-4.51,87.4,0.46,5082,19.39,24.89,0.56,ship,Block 1
S001,2023-04-20 12:06:20,2154,-0.57,102.86,-0.64,11881,39.68,25.29,0.77,ship,Block 1
S001,2023-04-20 12:06:30,1144,3.2,93.4,0.6,28088,7.94,25.49,0.11,ship,Block 1
S001,2023-04-20 12:06:40,247,8.48,94.62,0.1,26329,9.84,25.19,-0.44,ship,Block 1
S001,2023-04-20 12:06:50,-278,27.5,102.39,2.27,14473,13.99,24.82,-0.26,ship,Block 1
S001,2023-04-20 12:07:00,-908,26.75,94.15,1.22,13120,41.71,25.45,-0.73,ship,Block 1
S001,2023-04-20 12:07:10,-391,24.08,82.12,2.66,-13057,14.32,25.58,1.13,ship,Block 1
S001,2023-04-20 12:07:20,1668,33.09,92.77,1.48,-4803,37.91,24.33,0.88,ship,Block 1
S001,2023-04-20 12:07:30,-1476,9.29,89.1,0.65,9851,23.88,25.15,-0.03,ship,Block 1
S001,2023-04-20 12:07:40,-471,-6.16,89.72,0.16,23369,37.58,24.38,0.63,ship,Block 1
S001,2023-04-20 12:07:50,1382,-3.02,90.16,1.82,1488,36.05,24.52,0.5,ship,Block 1
S001,2023-04-20 12:08:00,-3126,21.38,86.24,-0.94,3671,13.77,24.58,0.25,ship,Block 1
S001,2023-04-20 12:08:10,-366,20.32,84.11,0.3,-544,29.72,24.72,0.8,ship,Block 1
S001,2023-04-20 12:08:20,2175,-0.37,91.02,1.37,-4091,22.26,24.12,1.04,ship,Block 1
S001,2023-04-20 12:08:30,16,-4.95,90.03,1.66,17406,27.29,23.63,0.4,ship,Block 1
S001,2023-04-20 12:08:40,1392,14.57,86.75,0.52,6138,2.96,24.62,0.98,ship,Block 1
S001,2023-04-20 12:08:50,2500,10.58,88.8,0.53,4455,30.64,25.17,0.09,ship,Block 1
S001,2023-04-20 12:09:00,1080,12.35,91.2,0.1,14712,-3.15,25.26,0.2,ship,Block 1
S001,2023-04-20 12:09:10,3006,3.49,81.44,-0.04,-8835,23.87,23.57,-0.07,ship,Block 1
S001,2023-04-20 12:09:20,-68,-1.34,86.78,1.75,-1053,-0.94,23.9,0.16,ship,Block 1
S001,2023-04-20 12:09:30,-93,13.97,85.61,1.78,4713,47.58,24.83,0.53,ship,Block 1
S001,2023-04-20 12:09:40,-810,-4.7,90.71,1.4,1,19.51,24.73,0.75,ship,Block 1
S001,2023-04-20 12:09:50,1642,2.54,82.19,-0.86,10957,5.53,25.06,0.27,ship,Block 1
S001,2023-04-20 12:10:00,64,40.41,104.99,2.7,29804,974.86,24.31,0.04,ship,Block 1
S001,2023-04-20 12:10:10,306,72.5,124.45,3.16,25616,983.29,24.88,0.73,ship,Block 1
S001,2023-04-20 12:10:20,1455,74.03,144.93,3.17,27845,1001.49,24.42,0.04,ship,Block 1
S001,2023-04-20 12:10:30,-468,66.77,157.5,3.47,22142,1034.98,23.99,0.83,ship,Block 1
S001,2023-04-20 12:10:40,563,61.36,180.86,3.1,-11793,985.53,24.17,0.84,ship,Block 1
S001,2023-04-20 12:10:50,425,55.75,200.33,0.56,30635,1012.19,24.74,0.46,ship,Block 1
S001,2023-04-20 12:11:00,-937,60.73,221.55,4.52,30642,997.95,23.94,-0.27,ship,Block 1
S001,2023-04-20 12:11:10,2087,86.19,242.33,2.89,38535,1014.45,24.04,-0.88,ship,Block 1
S001,2023-04-20 12:11:20,-1893,85.58,266.8,3.7,26768,1006.68,24.73,-0.71,ship,Block 1
S001,2023-04-20 12:11:30,-615,75.0,288.69,2.82,23935,1032.33,24.18,0.68,ship,Block 1
S001,2023-04-20 12:11:40,-1583,96.35,301.04,2.58,43780,1009.74,24.96,-0.44,ship,Block 1
S001,2023-04-20 12:11:50,-2243,88.42,323.87,2.83,34445,995.12,24.06,0.31,ship,Block 1
S001,2023-04-20 12:12:00,-141,76.15,345.62,1.49,47671,1041.4,24.61,0.81,ship,Block 1
S001,2023-04-20 12:12:10,-1126,79.76,369.6,3.35,32868,1034.23,24.73,-0.19,ship,Block 1
S001,2023-04-20 12:12:20,1703,77.38,379.88,3.14,34008,1020.62,24.48,-0.32,ship,Block 1
S001,2023-04-20 12:12:30,118,74.7,396.47,2.08,31178,1016.48,24.73,1.01,ship,Block 1
S001,2023-04-20 12:12:40,-685,104.39,413.93,3.21,15227,1041.6,24.21,0.93,ship,Block 1
S001,2023-04-20 12:12:50,-150,101.54,442.37,3.45,39056,1045.25,24.62,-0.07,ship,Block 1
S001,2023-04-20 12:13:00,362,107.25,457.82,0.29,21941,1027.48,24.86,0.44,ship,Block 1
S001,2023-04-20 12:13:10,133,104.23,486.16,3.11,25883,1085.16,23.86,-0.0,ship,Block 1
S001,2023-04-20 12:13:20,2119,114.36,489.86,3.12,19939,1023.23,24.29,0.37,ship,Block 1
S001,2023-04-20 12:13:30,3385,109.55,510.8,3.26,26816,1039.58,24.48,0.13,ship,Block 1
S001,2023-04-20 12:13:40,1142,114.37,534.7,6.01,42509,1059.71,23.9,-0.3,ship,Block 1
S001,2023-04-20 12:13:50,278,118.02,554.85,3.33,49376,991.59,24.35,0.9,ship,Block 1
S001,2023-04-20 12:14:00,-1901,97.57,583.23,2.78,33563,1068.52,24.76,0.51,ship,Block 1
S001,2023-04-20 12:14:10,98,110.33,593.61,3.41,28140,1055.69,24.38,-0.5,ship,Block 1
S001,2023-04-20 12:14:20,-2193,116.34,627.82,2.19,19600,1022.52,25.07,0.04,ship,Block 1
S001,2023-04-20 12:14:30,-2082,110.01,647.85,1.98,35428,1050.23,24.3,1.03,ship,Block 1
S001,2023-04-20 12:14:40,-1123,112.52,665.42,4.08,22573,1001.21,24.01,0.25,ship,Block 1
S001,2023-04-20 12:14:50,374,119.38,675.99,3.37,29990,1057.09,25.52,0.02,ship,Block 1
S001,2023-04-20 12:15:00,-278,48.83,207.47,5.0,49650,30.69,24.61,-0.31,ship,Block 1
S001,2023-04-20 12:15:10,1063,41.87,197.77,6.21,42295,7.57,24.98,0.5,ship,Block 1
S001,2023-04-20 12:15:20,1883,72.9,192.8,4.3,47142,9.53,25.45,-0.06,ship,Block 1
S001,2023-04-20 12:15:30,1429,56.59,183.26,5.81,59998,21.21,23.11,0.11,ship,Block 1
S001,2023-04-20 12:15:40,1972,49.54,177.24,5.33,39143,50.66,24.0,-0.35,ship,Block 1
S001,2023-04-20 12:15:50,3545,72.09,179.82,4.53,48375,15.36,25.27,0.14,ship,Block 1
S001,2023-04-20 12:16:00,3059,65.86,163.98,4.6,75984,59.47,25.07,-0.04,ship,Block 1
S001,2023-04-20 12:16:10,5096,72.71,157.06,5.02,42020,24.11,25.3,-0.96,ship,Block 1
S001,2023-04-20 12:16:20,3075,72.65,151.6,6.51,29462,22.87,24.86,-0.05,ship,Block 1
S001,2023-04-20 12:16:30,3386,49.97,160.45,4.52,53497,10.27,24.39,0.88,ship,Block 1
S002,2023-11-18 12:00:00,16110,70.0,26.43,6.05,39384,19.06,29.84,5.19,booster,Block 1
S002,2023-11-18 12:00:10,14367,47.68,31.89,6.72,65907,33.95,29.73,4.02,booster,Block 1
S002,2023-11-18 12:00:20,13329,69.69,38.05,2.46,47254,25.16,29.32,4.89,booster,Block 1
S002,2023-11-18 12:00:30,17087,45.13,27.32,5.45,34572,33.56,29.37,5.29,booster,Block 1
S002,2023-11-18 12:00:40,15955,69.29,38.46,4.83,44897,-2.12,30.57,4.11,booster,Block 1
S002,2023-11-18 12:00:50,15930,52.44,31.76,6.46,51198,-15.51,30.17,4.94,booster,Block 1
S002,2023-11-18 12:01:00,12705,43.47,44.29,4.97,45834,28.67,29.31,4.14,booster,Block 1
S002,2023-11-18 12:01:10,12835,65.33,38.26,4.83,52382,9.03,29.79,5.09,booster,Block 1
S002,2023-11-18 12:01:20,13099,57.49,38.81,4.41,67792,44.26,29.71,4.64,booster,Block 1
S002,2023-11-18 12:01:30,15712,57.11,35.29,5.19,49954,27.75,30.35,3.88,booster,Block 1
S002,2023-11-18 12:01:40,14614,54.73,35.7,5.33,37833,10.07,29.65,5.07,booster,Block 1
S002,2023-11-18 12:01:50,15564,54.49,36.7,5.76,51046,50.97,28.59,4.19,booster,Block 1
S002,2023-11-18 12:02:00,13838,86.51,39.82,4.33,36070,12.75,29.98,4.74,booster,Block 1
S002,2023-11-18 12:02:10,13621,52.74,46.38,4.53,54131,-1.06,29.56,5.47,booster,Block 1
S002,2023-11-18 12:02:20,13363,49.64,42.67,3.56,57413,1.09,30.58,4.49,booster,Block 1
S002,2023-11-18 12:02:30,14415,70.05,37.88,4.22,57058,33.97,29.98,4.59,booster,Block 1
S002,2023-11-18 12:02:40,16260,69.19,52.05,4.78,66125,5.51,29.94,5.83,booster,Block 1
S002,2023-11-18 12:02:50,12299,62.06,46.9,4.09,69235,58.99,30.81,5.9,booster,Block 1
S002,2023-11-18 12:03:00,16536,47.64,60.97,4.67,53209,7.03,30.0,4.82,ship,Block 1
S002,2023-11-18 12:03:10,13391,57.49,45.52,3.68,33971,6.16,30.21,4.81,ship,Block 1
S002,2023-11-18 12:03:20,15034,62.24,54.79,4.15,56095,17.82,30.84,5.26,ship,Block 1
S002,2023-11-18 12:03:30,16072,55.43,48.7,5.3,58039,19.36,29.76,4.91,ship,Block 1
S002,2023-11-18 12:03:40,15615,56.49,44.86,5.43,48959,-23.27,29.26,5.3,ship,Block 1
S002,2023-11-18 12:03:50,15877,68.55,57.71,5.68,29384,51.86,30.45,4.99,ship,Block 1
S002,2023-11-18 12:04:00,11552,68.54,55.41,4.64,45069,1.94,30.45,4.83,ship,Block 1
S002,2023-11-18 12:04:10,14219,63.87,61.98,6.35,35848,33.28,29.56,4.37,ship,Block 1
S002,2023-11-18 12:04:20,17613,62.35,56.1,5.52,46536,22.02,30.02,4.56,ship,Block 1
S002,2023-11-18 12:04:30,15643,79.73,55.66,5.5,50611,24.12,30.16,4.68,ship,Block 1
S002,2023-11-18 12:04:40,15780,65.54,61.36,6.31,51708,25.56,30.08,4.54,ship,Block 1
S002,2023-11-18 12:04:50,14585,65.54,66.79,5.53,33674,19.6,29.13,5.03,ship,Block 1
S002,2023-11-18 12:05:00,-718,9.6,87.95,0.94,26841,34.41,30.39,4.45,ship,Block 1
S002,2023-11-18 12:05:10,-3734,16.72,104.8,1.43,-2406,42.64,28.89,4.96,ship,Block 1
S002,2023-11-18 12:05:20,551,11.83,97.57,0.77,7783,52.97,29.56,4.76,ship,Block 1
S002,2023-11-18 12:05:30,1844,9.58,91.97,1.39,22632,43.16,30.42,4.32,ship,Block 1
S002,2023-11-18 12:05:40,285,-5.86,99.19,2.07,11226,43.03,29.49,5.05,ship,Block 1
S002,2023-11-18 12:05:50,1308,15.93,95.04,0.17,23004,62.08,30.84,5.28,ship,Block 1
S002,2023-11-18 12:06:00,563,12.49,96.36,-0.82,-2464,15.78,29.57,4.73,ship,Block 1
S002,2023-11-18 12:06:10,1008,16.49,92.28,-0.44,20798,1.44,30.65,4.76,ship,Block 1
S002,2023-11-18 12:06:20,-1174,20.55,97.7,2.42,10771,34.45,30.25,4.5,ship,Block 1
S002,2023-11-18 12:06:30,155,-3.02,98.9,-0.81,28236,19.12,29.44,4.43,ship,Block 1
S002,2023-11-18 12:06:40,3404,13.78,96.89,0.31,16595,53.22,29.82,5.32,ship,Block 1
S002,2023-11-18 12:06:50,3027,10.77,89.87,0.59,18898,47.04,30.8,5.05,ship,Block 1
S002,2023-11-18 12:07:00,340,20.19,91.4,1.81,6925,-9.09,29.79,4.81,ship,Block 1
S002,2023-11-18 12:07:10,830,11.9,87.97,-0.01,7961,54.17,29.45,4.94,ship,Block 1
S002,2023-11-18 12:07:20,-365,26.59,97.0,1.7,6876,54.47,29.24,4.96,ship,Block 1
S002,2023-11-18 12:07:30,1444,12.82,92.0,0.93,7813,38.06,30.23,5.19,ship,Block 1
S002,2023-11-18 12:07:40,-88,11.1,91.94,0.38,-1383,46.32,29.04,4.89,ship,Block 1
S002,2023-11-18 12:07:50,201,6.37,92.45,0.78,32384,30.3,30.41,4.4,ship,Block 1
S002,2023-11-18 12:08:00,-2112,3.0,88.85,1.24,18786,27.32,30.2,4.24,ship,Block 1
S002,2023-11-18 12:08:10,1661,-9.54,98.7,2.01,10560,51.64,29.49,4.82,ship,Block 1
S002,2023-11-18 12:08:20,-505,18.46,88.49,1.53,5090,24.35,28.9,4.83,ship,Block 1
S002,2023-11-18 12:08:30,-1414,23.08,93.36,-0.67,10485,36.21,30.2,5.54,ship,Block 1
S002,2023-11-18 12:08:40,140,-4.57,92.8,2.54,-6747,26.24,30.02,4.35,ship,Block 1
S002,2023-11-18 12:08:50,1719,4.09,83.88,-0.05,19240,3.84,30.09,5.05,ship,Block 1
S002,2023-11-18 12:09:00,-1191,13.02,87.74,1.34,1388,24.21,29.82,4.95,ship,Block 1
S002,2023-11-18 12:09:10,294,6.52,93.97,-0.48,1078,9.27,29.37,5.04,ship,Block 1
S002,2023-11-18 12:09:20,829,-10.54,78.34,1.57,4905,10.63,29.7,4.94,ship,Block 1
S002,2023-11-18 12:09:30,649,11.77,90.2,0.46,7365,1.89,30.16,5.23,ship,Block 1
S002,2023-11-18 12:09:40,-1492,14.1,83.09,0.92,4312,36.69,29.6,5.14,ship,Block 1
S002,2023-11-18 12:09:50,-2162,-0.18,84.39,0.7,22484,41.86,29.81,5.68,ship,Block 1
S002,2023-11-18 12:10:00,-1808,41.88,103.15,2.36,25207,994.51,29.21,5.96,ship,Block 1
S002,2023-11-18 12:10:10,-476,52.54,110.25,1.67,26444,1019.77,30.22,4.01,ship,Block 1
S002,2023-11-18 12:10:20,-1356,47.53,139.46,1.48,15786,998.58,29.56,5.12,ship,Block 1
S002,2023-11-18 12:10:30,-615,70.79,162.71,5.37,22859,1006.24,30.11,5.05,ship,Block 1
S002,2023-11-18 12:10:40,387,64.17,181.24,1.12,32066,1002.96,29.54,5.63,ship,Block 1
S002,2023-11-18 12:10:50,991,77.13,204.94,4.61,32405,972.26,30.26,5.36,ship,Block 1
S002,2023-11-18 12:11:00,-1909,79.98,220.42,4.08,26383,1042.43,29.4,5.09,ship,Block 1
S002,2023-11-18 12:11:10,-996,90.93,230.69,3.37,13642,1047.47,30.54,4.84,ship,Block 1
S002,2023-11-18 12:11:20,-292,85.61,247.18,2.55,37335,980.51,30.23,5.19,ship,Block 1
S002,2023-11-18 12:11:30,-1929,62.22,277.81,2.84,41062,982.84,29.8,5.72,ship,Block 1
S002,2023-11-18 12:11:40,-465,101.49,303.22,3.86,36688,1011.98,29.54,5.04,ship,Block 1
S002,2023-11-18 12:11:50,489,82.55,316.33,2.99,39688,1017.67,31.12,5.1,ship,Block 1
S002,2023-11-18 12:12:00,1155,71.73,340.7,2.47,25678,1056.63,29.89,4.64,ship,Block 1
S002,2023-11-18 12:12:10,-451,75.51,362.03,3.01,29294,1059.6,29.22,4.65,ship,Block 1
S002,2023-11-18 12:12:20,-717,87.16,379.0,3.82,39969,1029.5,30.13,4.36,ship,Block 1
S002,2023-11-18 12:12:30,2497,103.92,399.25,2.9,22592,1023.56,30.31,5.31,ship,Block 1
S002,2023-11-18 12:12:40,-836,87.1,413.6,3.74,53283,1054.45,30.54,5.15,ship,Block 1
S002,2023-11-18 12:12:50,-4471,92.63,435.31,2.67,16039,1033.64,30.36,4.85,ship,Block 1
S002,2023-11-18 12:13:00,2630,97.8,455.44,4.35,18101,1005.21,29.94,4.45,ship,Block 1
S002,2023-11-18 12:13:10,1812,101.46,481.21,2.43,32035,1009.68,29.75,4.23,ship,Block 1
S002,2023-11-18 12:13:20,204,96.66,500.91,1.91,29193,1039.1,30.03,5.04,ship,Block 1
S002,2023-11-18 12:13:30,1650,97.11,526.24,2.91,29652,1068.45,30.15,5.33,ship,Block 1
S002,2023-11-18 12:13:40,579,84.33,538.73,3.45,15824,1067.62,29.94,3.84,ship,Block 1
S002,2023-11-18 12:13:50,-3063,123.63,554.14,3.03,40760,1027.25,30.24,4.13,ship,Block 1
S002,2023-11-18 12:14:00,1792,114.46,582.76,1.87,28232,1047.37,29.76,4.53,ship,Block 1
S002,2023-11-18 12:14:10,-1263,103.67,598.28,2.14,49490,1052.29,28.92,6.31,ship,Block 1
S002,2023-11-18 12:14:20,-645,139.64,621.87,2.87,23829,1028.88,30.22,4.18,ship,Block 1
S002,2023-11-18 12:14:30,796,112.38,633.2,1.91,33642,1046.62,30.07,4.43,ship,Block 1
S002,2023-11-18 12:14:40,-1439,124.69,654.05,2.08,39152,1040.57,30.04,4.25,ship,Block 1
S002,2023-11-18 12:14:50,-1485,116.15,677.76,2.39,42341,1069.67,29.49,4.9,ship,Block 1
S002,2023-11-18 12:15:00,1918,57.06,199.65,6.09,58199,24.63,30.49,4.61,ship,Block 1
S002,2023-11-18 12:15:10,5107,73.64,184.78,5.64,45966,27.9,29.58,4.02,ship,Block 1
S002,2023-11-18 12:15:20,2413,68.37,195.74,5.5,65148,0.36,29.71,3.78,ship,Block 1
S002,2023-11-18 12:15:30,1272,46.48,182.46,4.97,51658,35.42,30.01,4.78,ship,Block 1
S002,2023-11-18 12:15:40,1643,56.81,182.1,3.8,46761,19.51,29.26,6.74,ship,Block 1
S002,2023-11-18 12:15:50,2644,48.02,176.12,3.15,73967,48.95,29.64,4.47,ship,Block 1
S002,2023-11-18 12:16:00,2414,51.68,176.27,3.79,45954,15.24,30.5,4.78,ship,Block 1
S002,2023-11-18 12:16:10,3429,58.2,167.05,5.41,54510,40.18,29.87,4.45,ship,Block 1
S002,2023-11-18 12:16:20,5967,52.3,162.15,4.37,41636,6.01,30.28,5.2,ship,Block 1
S002,2023-11-18 12:16:30,1266,57.53,160.83,7.08,58303,49.17,29.86,4.23,ship,Block 1
S003,2024-03-14 12:00:00,15055,59.57,31.37,5.08,47429,21.63,27.69,5.12,booster,Block 1
S003,2024-03-14 12:00:10,14623,58.2,30.42,4.88,52212,23.46,27.89,4.92,booster,Block 1
S003,2024-03-14 12:00:20,14943,60.74,33.0,5.08,48656,25.33,27.3,5.37,booster,Block 1
S003,2024-03-14 12:00:30,14839,56.81,34.75,4.58,51311,28.52,27.23,5.47,booster,Block 1
S003,2024-03-14 12:00:40,14614,60.33,34.01,5.09,49508,29.77,27.36,5.39,booster,Block 1
S003,2024-03-14 12:00:50,15195,59.12,34.39,5.23,48697,32.84,27.04,5.64,booster,Block 1
S003,2024-03-14 12:01:00,14571,60.01,38.38,5.07,44786,24.55,27.74,6.09,booster,Block 1
S003,2024-03-14 12:01:10,15555,60.73,38.08,4.8,47561,26.14,27.94,5.2,booster,Block 1
S003,2024-03-14 12:01:20,15596,57.83,38.08,4.81,47891,28.8,27.85,6.23,booster,Block 1
S003,2024-03-14 12:01:30,15530,61.06,39.07,4.84,53014,24.48,28.64,6.56,booster,Block 1
S003,2024-03-14 12:01:40,14301,62.2,38.74,5.4,50042,21.67,27.05,5.6,booster,Block 1
S003,2024-03-14 12:01:50,15261,60.3,40.44,5.2,47368,26.82,27.19,5.59,booster,Block 1
S003,2024-03-14 12:02:00,14774,59.22,43.64,4.98,49449,29.31,27.93,5.09,booster,Block 1
S003,2024-03-14 12:02:10,14892,58.37,43.38,4.82,47425,12.59,26.87,5.19,booster,Block 1
S003,2024-03-14 12:02:20,14882,56.98,45.12,5.04,53421,23.2,27.75,4.99,booster,Block 1
S003,2024-03-14 12:02:30,14882,57.4,45.67,5.25,47199,18.45,28.09,6.24,booster,Block 1
S003,2024-03-14 12:02:40,16193,60.96,46.15,5.02,49553,27.64,27.45,5.16,booster,Block 1
S003,2024-03-14 12:02:50,15176,55.55,48.14,4.77,51008,26.04,27.76,6.06,booster,Block 1
S003,2024-03-14 12:03:00,14680,57.92,47.76,5.11,51559,22.6,27.11,6.32,ship,Block 1
S003,2024-03-14 12:03:10,14870,57.18,48.52,4.74,50534,28.52,27.3,5.51,ship,Block 1
S003,2024-03-14 12:03:20,15414,59.72,49.83,5.13,49513,20.81,26.96,6.58,ship,Block 1
S003,2024-03-14 12:03:30,15112,58.47,52.08,5.21,45925,34.6,28.16,4.51,ship,Block 1
S003,2024-03-14 12:03:40,15139,58.44,51.63,5.31,48770,29.44,27.61,6.21,ship,Block 1
S003,2024-03-14 12:03:50,15184,62.38,54.41,4.87,51799,30.25,27.32,5.44,ship,Block 1
S003,2024-03-14 12:04:00,14703,57.84,53.79,4.95,47281,29.12,28.33,6.14,ship,Block 1
S003,2024-03-14 12:04:10,15632,60.08,55.92,4.91,53768,20.93,27.31,5.68,ship,Block 1
S003,2024-03-14 12:04:20,15429,59.6,54.67,4.65,52211,28.48,26.86,5.46,ship,Block 1
S003,2024-03-14 12:04:30,16019,58.29,57.94,5.37,52019,35.03,28.14,5.63,ship,Block 1
S003,2024-03-14 12:04:40,13826,60.14,60.22,4.89,50195,24.52,27.42,5.54,ship,Block 1
S003,2024-03-14 12:04:50,15407,59.83,60.25,4.98,45279,25.45,27.97,5.18,ship,Block 1
S003,2024-03-14 12:05:00,86,10.92,100.58,1.19,9941,28.21,27.56,4.75,ship,Block 1
S003,2024-03-14 12:05:10,-766,8.61,100.39,1.35,12989,19.36,27.43,5.62,ship,Block 1
S003,2024-03-14 12:05:20,-155,8.88,99.56,1.14,10019,28.89,27.71,6.47,ship,Block 1
S003,2024-03-14 12:05:30,406,9.52,98.47,0.97,8252,18.68,27.87,5.73,ship,Block 1
S003,2024-03-14 12:05:40,-178,11.91,95.88,0.99,9503,20.87,28.46,6.38,ship,Block 1
S003,2024-03-14 12:05:50,-193,12.65,97.6,1.11,11897,31.81,27.23,5.32,ship,Block 1
S003,2024-03-14 12:06:00,-537,9.31,95.56,0.93,10297,28.7,27.67,4.62,ship,Block 1
S003,2024-03-14 12:06:10,474,11.07,96.38,0.92,9343,24.3,27.07,5.46,ship,Block 1
S003,2024-03-14 12:06:20,-256,9.5,95.43,1.21,11010,27.26,27.45,5.53,ship,Block 1
S003,2024-03-14 12:06:30,-907,9.76,94.35,1.07,9335,25.46,26.76,5.85,ship,Block 1
S003,2024-03-14 12:06:40,-84,8.02,95.67,0.7,9463,24.28,27.54,5.79,ship,Block 1
S003,2024-03-14 12:06:50,1167,9.83,96.61,1.2,12010,26.02,27.74,4.79,ship,Block 1
S003,2024-03-14 12:07:00,714,9.61,91.24,1.3,7014,31.79,28.04,5.37,ship,Block 1
S003,2024-03-14 12:07:10,-302,7.31,92.09,0.93,9277,27.56,27.04,5.49,ship,Block 1
S003,2024-03-14 12:07:20,-49,8.59,93.21,1.0,9105,32.14,27.05,5.47,ship,Block 1
S003,2024-03-14 12:07:30,168,8.65,92.04,1.13,12968,21.92,28.33,6.23,ship,Block 1
S003,2024-03-14 12:07:40,-745,11.66,92.13,0.98,10251,27.22,28.3,5.78,ship,Block 1
S003,2024-03-14 12:07:50,-46,9.4,91.44,0.8,10138,28.48,27.75,5.51,ship,Block 1
S003,2024-03-14 12:08:00,-413,9.96,91.65,0.7,8867,31.13,27.43,5.25,ship,Block 1
S003,2024-03-14 12:08:10,-89,11.05,90.12,0.88,9779,26.68,28.61,5.31,ship,Block 1
S003,2024-03-14 12:08:20,596,8.52,88.95,1.1,14695,22.94,27.22,4.86,ship,Block 1
S003,2024-03-14 12:08:30,-217,11.88,90.08,1.16,10063,19.34,27.89,5.29,ship,Block 1
S003,2024-03-14 12:08:40,-238,6.51,90.11,0.87,12501,23.72,27.89,5.91,ship,Block 1
S003,2024-03-14 12:08:50,208,12.76,90.21,0.82,12685,29.41,27.78,6.0,ship,Block 1
S003,2024-03-14 12:09:00,-314,7.59,88.45,0.91,10236,17.0,27.11,5.43,ship,Block 1
S003,2024-03-14 12:09:10,307,8.68,87.67,0.99,14723,20.08,29.1,6.96,ship,Block 1
S003,2024-03-14 12:09:20,-369,10.2,86.46,0.92,12183,21.78,27.72,5.15,ship,Block 1
S003,2024-03-14 12:09:30,-461,9.6,86.41,1.24,9089,25.04,28.2,5.57,ship,Block 1
S003,2024-03-14 12:09:40,592,6.25,85.29,1.15,8693,23.65,27.87,5.94,ship,Block 1
S003,2024-03-14 12:09:50,603,8.95,85.0,1.06,9060,29.29,27.93,5.13,ship,Block 1
S003,2024-03-14 12:10:00,-429,57.49,99.91,3.37,32802,998.5,27.33,5.65,ship,Block 1
S003,2024-03-14 12:10:10,85,60.83,119.79,2.77,32167,998.55,27.53,5.5,ship,Block 1
S003,2024-03-14 12:10:20,947,64.82,141.4,2.9,30186,998.2,27.84,5.33,ship,Block 1
S003,2024-03-14 12:10:30,-18,65.74,159.03,2.99,27811,1000.0,27.21,5.25,ship,Block 1
S003,2024-03-14 12:10:40,-57,68.02,179.85,2.99,28424,1005.93,27.73,5.62,ship,Block 1
S003,2024-03-14 12:10:50,289,67.24,200.76,2.59,30704,1009.73,27.83,5.9,ship,Block 1
S003,2024-03-14 12:11:00,-906,71.39,219.89,3.2,28574,1013.65,26.24,5.03,ship,Block 1
S003,2024-03-14 12:11:10,115,77.0,240.84,2.76,32123,1005.1,28.04,5.91,ship,Block 1
S003,2024-03-14 12:11:20,-161,75.78,260.61,3.01,27866,1013.34,27.78,5.01,ship,Block 1
S003,2024-03-14 12:11:30,140,77.3,279.71,2.99,30966,1024.77,28.07,5.27,ship,Block 1
S003,2024-03-14 12:11:40,188,80.23,301.91,2.81,29523,1016.16,28.03,5.45,ship,Block 1
S003,2024-03-14 12:11:50,646,81.36,320.02,2.68,29358,1019.53,27.83,5.95,ship,Block 1
S003,2024-03-14 12:12:00,252,82.29,340.71,2.89,30039,1017.26,28.44,5.58,ship,Block 1
S003,2024-03-14 12:12:10,-1353,85.97,361.01,3.07,30965,1017.79,27.79,4.4,ship,Block 1
S003,2024-03-14 12:12:20,-687,90.08,380.79,3.03,32320,1023.06,26.9,6.57,ship,Block 1
S003,2024-03-14 12:12:30,-686,91.25,399.77,2.93,27371,1018.93,27.59,5.43,ship,Block 1
S003,2024-03-14 12:12:40,446,94.6,418.91,2.76,29614,1028.83,28.07,5.65,ship,Block 1
S003,2024-03-14 12:12:50,-253,95.22,440.43,3.1,27586,1030.34,27.54,5.7,ship,Block 1
S003,2024-03-14 12:13:00,-134,96.7,459.28,2.9,28752,1032.74,27.48,5.77,ship,Block 1
S003,2024-03-14 12:13:10,883,95.47,481.29,2.96,30948,1035.95,27.91,5.96,ship,Block 1
S003,2024-03-14 12:13:20,-181,100.03,499.04,3.08,29204,1033.53,27.63,6.01,ship,Block 1
S003,2024-03-14 12:13:30,-474,100.1,520.16,3.09,28358,1046.48,27.29,6.24,ship,Block 1
S003,2024-03-14 12:13:40,149,102.31,539.07,3.32,33436,1026.22,27.93,5.97,ship,Block 1
S003,2024-03-14 12:13:50,317,105.56,558.99,3.48,31628,1037.52,27.44,5.09,ship,Block 1
S003,2024-03-14 12:14:00,-331,107.32,578.69,3.26,29231,1041.53,27.02,5.37,ship,Block 1
S003,2024-03-14 12:14:10,-726,109.14,597.65,2.85,26951,1043.54,27.25,5.79,ship,Block 1
S003,2024-03-14 12:14:20,-325,108.54,620.29,2.8,27167,1043.36,27.67,6.37,ship,Block 1
S003,2024-03-14 12:14:30,-191,110.56,642.73,3.27,27993,1045.66,26.51,5.59,ship,Block 1
S003,2024-03-14 12:14:40,-224,113.66,660.24,2.82,31966,1042.88,27.5,5.48,ship,Block 1
S003,2024-03-14 12:14:50,87,115.09,679.12,3.23,35514,1052.27,27.42,5.18,ship,Block 1
S003,2024-03-14 12:15:00,3022,54.81,199.87,5.01,49869,30.97,26.98,5.56,ship,Block 1
S003,2024-03-14 12:15:10,2516,59.01,193.67,5.22,47999,21.89,27.58,5.73,ship,Block 1
S003,2024-03-14 12:15:20,3411,61.27,190.48,4.98,51030,23.99,27.43,6.15,ship,Block 1
S003,2024-03-14 12:15:30,3154,62.21,183.94,5.03,49425,20.86,27.35,6.5,ship,Block 1
S003,2024-03-14 12:15:40,3729,62.57,179.1,4.76,52946,37.34,27.65,5.95,ship,Block 1
S003,2024-03-14 12:15:50,3343,62.16,175.7,4.96,48943,26.79,27.3,5.23,ship,Block 1
S003,2024-03-14 12:16:00,3678,60.5,170.44,5.25,47608,30.02,27.87,6.44,ship,Block 1
S003,2024-03-14 12:16:10,3065,59.33,166.63,5.24,50685,29.1,27.26,5.74,ship,Block 1
S003,2024-03-14 12:16:20,3398,58.14,159.13,4.79,47965,20.72,27.08,6.43,ship,Block 1
S003,2024-03-14 12:16:30,2321,57.53,154.77,4.84,49367,23.61,27.8,5.82,ship,Block 1
S004,2024-06-06 12:00:00,14792,57.76,29.53,5.05,49045,27.14,19.07,1.25,booster,Block 1
S004,2024-06-06 12:00:10,13688,53.21,29.91,4.92,51106,28.35,19.42,1.88,booster,Block 1
S004,2024-06-06 12:00:20,14956,60.21,33.2,5.28,52312,23.66,18.82,1.85,booster,Block 1
S004,2024-06-06 12:00:30,14174,61.94,32.59,5.01,53321,26.63,19.48,2.22,booster,Block 1
S004,2024-06-06 12:00:40,14705,59.72,32.41,5.09,50252,18.72,19.77,1.99,booster,Block 1
S004,2024-06-06 12:00:50,15146,56.32,33.75,5.28,53078,27.06,18.13,1.4,booster,Block 1
S004,2024-06-06 12:01:00,15753,62.26,36.01,4.83,52186,24.98,19.05,2.58,booster,Block 1
S004,2024-06-06 12:01:10,13517,62.39,37.12,4.85,50991,18.82,19.12,2.47,booster,Block 1
S004,2024-06-06 12:01:20,14798,59.11,38.44,5.1,50187,26.69,19.34,2.16,booster,Block 1
S004,2024-06-06 12:01:30,14571,59.57,38.76,4.84,49570,34.82,20.33,1.76,booster,Block 1
S004,2024-06-06 12:01:40,16060,62.89,40.5,4.56,54013,24.53,20.28,2.55,booster,Block 1
S004,2024-06-06 12:01:50,15002,63.15,41.8,4.7,48963,19.81,19.23,1.65,booster,Block 1
S004,2024-06-06 12:02:00,14529,61.13,40.62,4.69,52008,28.32,19.37,2.99,booster,Block 1
S004,2024-06-06 12:02:10,14167,63.59,42.97,5.01,50491,16.97,19.51,1.28,booster,Block 1
S004,2024-06-06 12:02:20,14758,58.38,45.14,5.1,50425,30.19,19.67,2.21,booster,Block 1
S004,2024-06-06 12:02:30,15215,58.4,43.86,4.88,48172,25.42,19.52,1.69,booster,Block 1
S004,2024-06-06 12:02:40,15709,62.05,45.5,5.03,51351,20.79,20.84,1.84,booster,Block 1
S004,2024-06-06 12:02:50,15225,62.92,47.98,5.21,52515,34.77,19.47,2.55,booster,Block 1
S004,2024-06-06 12:03:00,14999,61.93,48.49,4.93,48642,27.59,19.47,1.48,ship,Block 1
S004,2024-06-06 12:03:10,14564,57.41,50.14,5.0,50963,27.65,19.55,1.77,ship,Block 1
S004,2024-06-06 12:03:20,14691,56.53,51.04,4.98,50517,26.41,18.98,2.37,ship,Block 1
S004,2024-06-06 12:03:30,15347,61.04,51.4,4.93,50491,16.73,20.64,3.0,ship,Block 1
S004,2024-06-06 12:03:40,15383,61.92,53.45,5.02,47022,27.94,19.38,1.62,ship,Block 1
S004,2024-06-06 12:03:50,14353,61.6,53.27,4.93,52698,29.93,19.16,1.57,ship,Block 1
S004,2024-06-06 12:04:00,15423,59.6,54.51,5.12,52192,28.21,19.03,1.43,ship,Block 1
S004,2024-06-06 12:04:10,15139,56.99,55.85,4.76,49230,30.72,18.75,1.78,ship,Block 1
S004,2024-06-06 12:04:20,14953,60.64,57.99,4.7,49022,25.08,18.91,1.83,ship,Block 1
S004,2024-06-06 12:04:30,13643,59.02,59.32,4.96,52683,32.32,19.15,1.63,ship,Block 1
S004,2024-06-06 12:04:40,14653,56.9,59.65,4.9,50744,25.2,19.57,1.97,ship,Block 1
S004,2024-06-06 12:04:50,15819,61.31,57.59,4.99,47928,24.97,19.52,1.63,ship,Block 1
S004,2024-06-06 12:05:00,-674,9.37,99.85,1.17,8655,24.76,19.8,1.25,ship,Block 1
S004,2024-06-06 12:05:10,-549,11.8,100.27,0.74,12834,28.13,19.46,0.87,ship,Block 1
S004,2024-06-06 12:05:20,198,10.3,97.99,1.09,8666,22.28,19.54,1.01,ship,Block 1
S004,2024-06-06 12:05:30,574,12.14,98.32,0.89,12328,23.23,19.75,1.05,ship,Block 1
S004,2024-06-06 12:05:40,130,10.9,98.15,0.84,12598,19.38,20.47,2.0,ship,Block 1
S004,2024-06-06 12:05:50,-25,10.72,97.19,0.75,11951,27.57,19.21,2.28,ship,Block 1
S004,2024-06-06 12:06:00,-437,9.22,96.99,1.09,7136,21.41,19.66,2.42,ship,Block 1
S004,2024-06-06 12:06:10,959,11.09,96.54,1.23,9154,26.91,20.48,1.42,ship,Block 1
S004,2024-06-06 12:06:20,-1047,8.56,95.94,0.79,9095,29.67,19.51,1.44,ship,Block 1
S004,2024-06-06 12:06:30,426,10.91,93.35,0.99,11552,33.16,20.81,1.69,ship,Block 1
S004,2024-06-06 12:06:40,508,10.94,94.61,1.38,8815,30.61,19.91,1.85,ship,Block 1
S004,2024-06-06 12:06:50,-392,9.34,93.7,0.84,8044,21.82,19.63,1.5,ship,Block 1
S004,2024-06-06 12:07:00,685,8.02,94.0,1.02,8770,26.95,19.04,2.62,ship,Block 1
S004,2024-06-06 12:07:10,880,6.58,94.96,1.0,11879,18.45,20.07,2.2,ship,Block 1
S004,2024-06-06 12:07:20,43,12.32,96.17,1.25,9789,22.85,20.52,1.32,ship,Block 1
S004,2024-06-06 12:07:30,-771,9.62,90.61,1.39,10772,26.14,20.2,2.52,ship,Block 1
S004,2024-06-06 12:07:40,577,11.17,89.63,1.21,10129,28.88,19.22,2.65,ship,Block 1
S004,2024-06-06 12:07:50,-248,6.89,91.17,1.14,11201,26.52,19.7,1.18,ship,Block 1
S004,2024-06-06 12:08:00,168,10.99,90.0,1.04,4960,22.11,19.69,2.24,ship,Block 1
S004,2024-06-06 12:08:10,-24,11.01,91.33,1.25,11427,18.15,20.5,2.07,ship,Block 1
S004,2024-06-06 12:08:20,-103,10.77,90.01,1.19,7003,24.36,19.48,3.36,ship,Block 1
S004,2024-06-06 12:08:30,499,10.4,87.91,1.1,10002,30.57,19.67,1.57,ship,Block 1
S004,2024-06-06 12:08:40,939,10.28,89.53,0.99,10862,20.68,19.09,1.31,ship,Block 1
S004,2024-06-06 12:08:50,-336,9.23,88.58,0.96,13966,29.25,19.33,1.92,ship,Block 1
S004,2024-06-06 12:09:00,778,7.89,87.86,1.05,8823,25.74,18.75,1.41,ship,Block 1
S004,2024-06-06 12:09:10,-97,10.3,87.25,0.89,10283,28.14,19.39,2.85,ship,Block 1
S004,2024-06-06 12:09:20,678,10.6,87.02,1.17,7847,28.32,19.96,1.98,ship,Block 1
S004,2024-06-06 12:09:30,217,11.01,87.41,0.84,7548,18.41,20.0,0.38,ship,Block 1
S004,2024-06-06 12:09:40,94,8.15,84.89,0.94,12016,21.92,19.34,2.03,ship,Block 1
S004,2024-06-06 12:09:50,-147,11.28,86.88,0.79,15764,30.56,18.74,1.67,ship,Block 1
S004,2024-06-06 12:10:00,1351,59.99,101.18,3.17,29618,1009.15,19.73,1.75,ship,Block 1
S004,2024-06-06 12:10:10,352,61.97,121.02,2.71,27660,1009.23,19.76,1.57,ship,Block 1
S004,2024-06-06 12:10:20,-757,62.01,139.28,2.58,33057,1004.7,20.19,1.62,ship,Block 1
S004,2024-06-06 12:10:30,-298,65.5,162.06,2.97,28282,1005.21,19.36,1.84,ship,Block 1
S004,2024-06-06 12:10:40,38,69.4,179.96,3.0,31167,1005.01,20.12,2.41,ship,Block 1
S004,2024-06-06 12:10:50,841,68.12,199.91,3.04,26180,1002.55,19.73,0.87,ship,Block 1
S004,2024-06-06 12:11:00,815,68.1,218.33,3.34,29269,1011.41,19.49,2.09,ship,Block 1
S004,2024-06-06 12:11:10,669,78.07,240.66,2.51,29268,1009.17,20.33,1.68,ship,Block 1
S004,2024-06-06 12:11:20,793,74.48,260.22,3.26,30774,1017.15,19.48,1.59,ship,Block 1
S004,2024-06-06 12:11:30,-162,73.17,280.95,2.94,35179,1014.53,20.25,1.97,ship,Block 1
S004,2024-06-06 12:11:40,1151,77.51,300.23,3.25,31015,1015.6,19.57,1.46,ship,Block 1
S004,2024-06-06 12:11:50,301,81.87,320.32,2.94,29272,1011.43,19.99,1.47,ship,Block 1
S004,2024-06-06 12:12:00,-36,85.51,340.7,3.06,30079,1020.16,18.97,2.36,ship,Block 1
S004,2024-06-06 12:12:10,1019,85.2,359.03,3.01,29113,1021.01,18.59,1.96,ship,Block 1
S004,2024-06-06 12:12:20,-444,85.52,380.2,3.07,30946,1019.89,19.07,2.95,ship,Block 1
S004,2024-06-06 12:12:30,273,90.55,398.85,3.23,25911,1021.89,20.14,2.2,ship,Block 1
S004,2024-06-06 12:12:40,-434,90.5,422.34,3.09,32138,1035.7,19.71,2.02,ship,Block 1
S004,2024-06-06 12:12:50,89,95.25,439.48,2.7,29803,1024.44,19.51,2.19,ship,Block 1
S004,2024-06-06 12:13:00,620,96.8,460.31,2.9,28645,1034.05,19.38,2.54,ship,Block 1
S004,2024-06-06 12:13:10,-270,97.21,480.6,3.02,29785,1033.66,19.82,1.47,ship,Block 1
S004,2024-06-06 12:13:20,-463,101.39,499.77,2.93,28770,1032.46,19.94,1.51,ship,Block 1
S004,2024-06-06 12:13:30,-368,102.52,519.3,3.03,29917,1036.77,19.59,1.09,ship,Block 1
S004,2024-06-06 12:13:40,394,104.94,537.43,2.86,27853,1033.27,20.08,1.05,ship,Block 1
S004,2024-06-06 12:13:50,-540,107.21,560.76,2.83,31674,1034.48,20.53,2.34,ship,Block 1
S004,2024-06-06 12:14:00,-131,105.7,581.46,2.79,28776,1033.75,20.19,2.41,ship,Block 1
S004,2024-06-06 12:14:10,672,115.1,601.79,2.94,31473,1045.4,20.11,1.79,ship,Block 1
S004,2024-06-06 12:14:20,702,111.95,620.39,2.87,33754,1037.44,20.03,2.03,ship,Block 1
S004,2024-06-06 12:14:30,-355,115.07,639.82,3.22,32461,1038.73,19.15,1.41,ship,Block 1
S004,2024-06-06 12:14:40,-453,117.0,660.79,3.21,30249,1034.83,20.15,1.54,ship,Block 1
S004,2024-06-06 12:14:50,331,118.97,679.1,2.96,28335,1050.94,18.9,1.89,ship,Block 1
S004,2024-06-06 12:15:00,3390,60.37,200.85,5.22,49805,23.68,19.93,1.54,ship,Block 1
S004,2024-06-06 12:15:10,3065,63.3,196.87,4.8,53658,26.17,19.45,2.21,ship,Block 1
S004,2024-06-06 12:15:20,2229,60.16,191.64,5.23,53593,35.11,18.7,2.16,ship,Block 1
S004,2024-06-06 12:15:30,2937,62.06,184.61,4.9,50895,34.05,19.53,0.99,ship,Block 1
S004,2024-06-06 12:15:40,3623,57.25,179.41,4.99,49109,30.51,20.22,2.57,ship,Block 1
S004,2024-06-06 12:15:50,3088,59.67,175.67,5.35,50787,21.76,18.5,2.13,ship,Block 1
S004,2024-06-06 12:16:00,2887,58.46,170.53,4.79,49322,23.07,20.05,1.92,ship,Block 1
S004,2024-06-06 12:16:10,2740,59.3,165.91,4.81,49299,27.42,20.24,1.32,ship,Block 1
S004,2024-06-06 12:16:20,2846,58.48,159.55,5.08,45348,19.32,20.03,1.27,ship,Block 1
S004,2024-06-06 12:16:30,2826,58.58,154.83,5.02,50647,16.61,20.68,1.89,ship,Block 1
S005,2024-10-13 12:00:00,15381,60.08,30.29,4.84,52808,23.52,24.28,6.24,booster,Block 1
S005,2024-10-13 12:00:10,14779,61.24,29.53,5.06,50906,20.51,25.19,6.37,booster,Block 1
S005,2024-10-13 12:00:20,14496,56.72,30.98,5.21,48696,22.34,24.85,6.13,booster,Block 1
S005,2024-10-13 12:00:30,15713,59.79,33.5,4.88,48978,14.76,24.62,6.28,booster,Block 1
S005,2024-10-13 12:00:40,15104,55.73,34.61,4.66,47622,20.68,24.37,5.29,booster,Block 1
S005,2024-10-13 12:00:50,14032,54.27,34.94,5.21,49590,25.87,24.54,5.38,booster,Block 1
S005,2024-10-13 12:01:00,15297,62.99,36.21,5.24,50947,14.37,24.43,5.49,booster,Block 1
S005,2024-10-13 12:01:10,15541,56.84,37.45,4.91,50856,26.51,24.66,6.92,booster,Block 1
S005,2024-10-13 12:01:20,15026,58.73,37.61,4.84,51587,27.49,24.69,5.58,booster,Block 1
S005,2024-10-13 12:01:30,15106,58.26,38.94,5.17,51340,20.46,25.15,5.52,booster,Block 1
S005,2024-10-13 12:01:40,15181,59.74,40.91,4.85,51320,21.37,24.66,6.17,booster,Block 1
S005,2024-10-13 12:01:50,15166,59.14,41.32,5.2,46052,20.4,24.29,6.13,booster,Block 1
S005,2024-10-13 12:02:00,14814,56.61,40.59,5.02,51259,31.36,25.11,6.02,booster,Block 1
S005,2024-10-13 12:02:10,15021,58.79,43.11,4.77,50073,22.86,24.18,5.54,booster,Block 1
S005,2024-10-13 12:02:20,13935,62.96,43.79,5.04,50604,29.59,25.15,6.05,booster,Block 1
S005,2024-10-13 12:02:30,15162,58.87,44.38,4.75,50023,32.69,24.56,6.23,booster,Block 1
S005,2024-10-13 12:02:40,14504,61.78,46.93,5.32,49505,28.96,24.62,5.34,booster,Block 1
S005,2024-10-13 12:02:50,14451,63.56,47.92,4.99,51536,22.26,25.17,7.14,booster,Block 1
S005,2024-10-13 12:03:00,15443,59.0,48.22,5.32,52210,30.97,24.45,5.85,ship,Block 1
S005,2024-10-13 12:03:10,14515,62.16,50.99,5.1,49910,31.18,26.25,6.5,ship,Block 1
S005,2024-10-13 12:03:20,14618,57.52,51.52,5.04,48305,27.44,24.17,5.85,ship,Block 1
S005,2024-10-13 12:03:30,15441,62.53,50.42,4.88,48447,18.74,24.63,6.69,ship,Block 1
S005,2024-10-13 12:03:40,15613,62.86,53.26,5.2,50727,26.66,24.97,6.22,ship,Block 1
S005,2024-10-13 12:03:50,15121,61.49,52.34,4.98,49517,20.99,25.28,6.15,ship,Block 1
S005,2024-10-13 12:04:00,15306,64.49,53.96,5.01,47940,15.4,25.09,5.37,ship,Block 1
S005,2024-10-13 12:04:10,15129,60.7,53.4,4.98,51237,27.28,24.89,7.5,ship,Block 1
S005,2024-10-13 12:04:20,14841,62.14,56.5,5.07,51607,26.02,24.85,5.6,ship,Block 1
S005,2024-10-13 12:04:30,14984,59.11,57.02,4.94,51765,19.09,24.94,6.42,ship,Block 1
S005,2024-10-13 12:04:40,14355,61.06,58.32,4.94,50505,22.08,23.67,6.76,ship,Block 1
S005,2024-10-13 12:04:50,14932,61.96,60.06,4.71,47880,17.82,25.3,6.51,ship,Block 1
S005,2024-10-13 12:05:00,1115,11.72,100.56,1.17,6969,20.14,24.57,5.73,ship,Block 1
S005,2024-10-13 12:05:10,-343,11.29,100.99,1.05,12845,13.56,25.48,6.83,ship,Block 1
S005,2024-10-13 12:05:20,390,11.34,99.75,1.04,8773,32.18,24.34,5.24,ship,Block 1
S005,2024-10-13 12:05:30,-572,8.8,99.97,0.96,8718,30.17,24.64,5.8,ship,Block 1
S005,2024-10-13 12:05:40,-199,8.71,97.15,1.25,7135,31.33,23.33,5.48,ship,Block 1
S005,2024-10-13 12:05:50,676,10.97,98.57,1.32,12410,16.91,25.23,6.28,ship,Block 1
S005,2024-10-13 12:06:00,76,15.29,97.67,1.04,8737,21.02,24.76,6.56,ship,Block 1
S005,2024-10-13 12:06:10,173,7.93,97.18,0.83,11723,28.98,24.58,5.82,ship,Block 1
S005,2024-10-13 12:06:20,-544,11.34,96.44,1.0,7796,20.77,24.51,6.57,ship,Block 1
S005,2024-10-13 12:06:30,200,12.88,96.4,0.94,11339,26.19,24.1,6.19,ship,Block 1
S005,2024-10-13 12:06:40,-413,8.45,94.13,0.74,12546,30.54,24.79,6.46,ship,Block 1
S005,2024-10-13 12:06:50,621,5.47,94.18,1.23,9818,23.54,24.85,6.25,ship,Block 1
S005,2024-10-13 12:07:00,-165,6.87,95.08,1.17,11765,35.66,24.28,6.36,ship,Block 1
S005,2024-10-13 12:07:10,156,6.88,94.31,1.13,13414,20.76,23.98,5.56,ship,Block 1
S005,2024-10-13 12:07:20,-698,10.9,93.52,0.97,7541,25.05,25.83,6.36,ship,Block 1
S005,2024-10-13 12:07:30,304,8.05,90.25,0.98,11161,30.9,24.68,5.75,ship,Block 1
S005,2024-10-13 12:07:40,-515,11.76,92.88,0.84,5825,34.24,25.44,5.58,ship,Block 1
S005,2024-10-13 12:07:50,-190,15.09,92.58,0.96,11380,28.83,24.45,5.22,ship,Block 1
S005,2024-10-13 12:08:00,-235,12.96,92.01,0.76,12601,22.21,24.92,6.68,ship,Block 1
S005,2024-10-13 12:08:10,-116,11.78,89.18,0.5,7039,14.8,23.94,5.99,ship,Block 1
S005,2024-10-13 12:08:20,-109,10.89,89.31,1.18,7321,21.82,23.99,6.42,ship,Block 1
S005,2024-10-13 12:08:30,223,8.62,90.54,0.7,9552,24.84,25.17,6.6,ship,Block 1
S005,2024-10-13 12:08:40,258,13.17,89.44,1.14,9987,34.56,24.56,5.62,ship,Block 1
S005,2024-10-13 12:08:50,3,9.49,88.68,0.91,12216,18.95,25.25,5.39,ship,Block 1
S005,2024-10-13 12:09:00,-341,9.45,88.38,0.65,9307,32.18,25.15,5.79,ship,Block 1
S005,2024-10-13 12:09:10,1314,8.53,87.01,1.23,11517,25.31,24.08,5.41,ship,Block 1
S005,2024-10-13 12:09:20,645,7.26,88.33,0.84,7988,18.29,24.06,5.82,ship,Block 1
S005,2024-10-13 12:09:30,211,4.91,86.33,1.12,9472,22.07,24.99,6.54,ship,Block 1
S005,2024-10-13 12:09:40,-379,11.48,85.51,0.96,8674,23.07,24.33,6.7,ship,Block 1
S005,2024-10-13 12:09:50,163,10.95,85.36,1.06,12520,22.15,24.41,5.52,ship,Block 1
S005,2024-10-13 12:10:00,-423,59.17,100.19,2.83,30239,1003.13,25.25,6.26,ship,Block 1
S005,2024-10-13 12:10:10,-536,63.25,120.59,3.08,30410,1006.04,24.49,6.28,ship,Block 1
S005,2024-10-13 12:10:20,10,61.54,141.86,2.99,30264,1003.25,24.45,5.54,ship,Block 1
S005,2024-10-13 12:10:30,569,64.44,158.17,2.65,29276,1000.99,25.75,5.4,ship,Block 1
S005,2024-10-13 12:10:40,-470,69.64,179.55,3.43,30849,1002.31,24.89,5.5,ship,Block 1
S005,2024-10-13 12:10:50,1029,71.16,200.42,3.22,31147,1007.37,25.31,5.84,ship,Block 1
S005,2024-10-13 12:11:00,184,72.03,219.17,2.7,31389,1006.06,25.2,6.39,ship,Block 1
S005,2024-10-13 12:11:10,-400,68.77,240.23,2.72,33081,1008.6,25.03,6.47,ship,Block 1
S005,2024-10-13 12:11:20,-105,76.75,261.68,3.12,27556,1011.0,24.76,6.39,ship,Block 1
S005,2024-10-13 12:11:30,-538,79.82,279.83,3.02,28853,1009.52,24.27,5.47,ship,Block 1
S005,2024-10-13 12:11:40,25,77.35,299.88,2.93,30852,1015.63,24.81,5.6,ship,Block 1
S005,2024-10-13 12:11:50,729,83.76,319.07,3.08,28794,1013.53,24.45,5.95,ship,Block 1
S005,2024-10-13 12:12:00,-692,86.26,337.57,2.86,31857,1025.92,25.47,5.55,ship,Block 1
S005,2024-10-13 12:12:10,-63,84.08,361.21,2.92,29035,1020.8,25.38,6.03,ship,Block 1
S005,2024-10-13 12:12:20,-1179,86.88,379.44,3.31,31509,1020.72,24.1,6.39,ship,Block 1
S005,2024-10-13 12:12:30,-295,89.91,400.35,3.37,30434,1027.97,25.01,5.08,ship,Block 1
S005,2024-10-13 12:12:40,690,88.27,421.11,2.99,28423,1025.39,24.92,6.1,ship,Block 1
S005,2024-10-13 12:12:50,-88,91.72,439.75,3.09,29486,1026.43,23.93,5.28,ship,Block 1
S005,2024-10-13 12:13:00,-226,97.99,459.36,2.89,27770,1026.74,24.42,6.34,ship,Block 1
S005,2024-10-13 12:13:10,-44,98.09,480.02,3.14,29863,1026.33,24.85,5.78,ship,Block 1
S005,2024-10-13 12:13:20,-109,95.92,499.08,3.04,29135,1039.29,25.02,6.62,ship,Block 1
S005,2024-10-13 12:13:30,539,98.68,520.79,3.19,29654,1045.39,24.89,6.1,ship,Block 1
S005,2024-10-13 12:13:40,591,104.28,541.3,3.05,27790,1040.42,25.24,5.66,ship,Block 1
S005,2024-10-13 12:13:50,-1758,104.03,558.3,3.06,29054,1040.99,24.82,5.21,ship,Block 1
S005,2024-10-13 12:14:00,-142,110.16,579.0,2.99,27052,1039.9,25.23,5.27,ship,Block 1
S005,2024-10-13 12:14:10,-227,109.21,598.92,2.98,32099,1052.67,24.0,4.91,ship,Block 1
S005,2024-10-13 12:14:20,-51,109.71,619.56,3.11,29281,1043.47,24.61,6.12,ship,Block 1
S005,2024-10-13 12:14:30,293,118.21,639.28,3.17,29408,1045.43,25.15,5.96,ship,Block 1
S005,2024-10-13 12:14:40,-174,113.67,660.91,2.67,29790,1052.91,25.05,6.66,ship,Block 1
S005,2024-10-13 12:14:50,-482,120.18,680.62,2.79,26890,1055.98,24.25,5.96,ship,Block 1
S005,2024-10-13 12:15:00,3389,58.29,198.65,5.03,48906,24.97,24.81,6.18,ship,Block 1
S005,2024-10-13 12:15:10,2786,58.92,195.37,5.17,49795,22.54,24.82,6.92,ship,Block 1
S005,2024-10-13 12:15:20,2894,57.75,189.32,5.02,52004,33.03,24.86,6.03,ship,Block 1
S005,2024-10-13 12:15:30,2735,59.47,184.81,4.96,49390,24.26,24.69,6.33,ship,Block 1
S005,2024-10-13 12:15:40,3653,59.3,179.82,4.98,49440,17.77,24.67,6.22,ship,Block 1
S005,2024-10-13 12:15:50,1509,61.97,175.41,4.91,51311,19.07,24.97,5.12,ship,Block 1
S005,2024-10-13 12:16:00,3305,62.67,169.85,5.32,48791,29.59,24.41,5.82,ship,Block 1
S005,2024-10-13 12:16:10,2820,60.63,165.58,5.38,47914,24.86,24.84,6.19,ship,Block 1
S005,2024-10-13 12:16:20,2317,60.42,161.7,5.09,49000,24.95,24.45,6.04,ship,Block 1
S005,2024-10-13 12:16:30,2254,57.73,156.38,4.79,48562,20.1,24.61,6.12,ship,Block 1
S006,2024-11-19 12:00:00,15285,56.66,29.02,5.18,49817,16.55,22.87,2.08,booster,Block 1
S006,2024-11-19 12:00:10,15380,61.7,31.22,5.39,49151,35.01,22.68,2.47,booster,Block 1
S006,2024-11-19 12:00:20,14776,56.59,31.56,4.95,52913,25.33,22.78,1.89,booster,Block 1
S006,2024-11-19 12:00:30,14812,60.88,32.56,4.88,51286,20.85,22.68,2.59,booster,Block 1
S006,2024-11-19 12:00:40,14646,56.96,32.5,5.18,48088,25.53,22.59,2.17,booster,Block 1
S006,2024-11-19 12:00:50,14840,61.72,34.55,4.69,51799,19.2,22.94,1.75,booster,Block 1
S006,2024-11-19 12:01:00,14907,58.87,36.22,5.2,48666,30.37,22.69,1.55,booster,Block 1
S006,2024-11-19 12:01:10,15687,64.38,37.44,5.0,52789,34.03,22.78,2.37,booster,Block 1
S006,2024-11-19 12:01:20,15036,60.8,38.96,5.05,52746,24.33,22.17,2.19,booster,Block 1
S006,2024-11-19 12:01:30,14012,57.22,39.61,4.74,48755,26.26,22.45,1.54,booster,Block 1
S006,2024-11-19 12:01:40,14971,60.51,39.02,4.86,50140,28.03,23.31,2.38,booster,Block 1
S006,2024-11-19 12:01:50,15293,60.0,42.74,4.99,48790,29.0,22.43,1.98,booster,Block 1
S006,2024-11-19 12:02:00,14985,59.25,42.69,5.09,52134,15.26,22.2,3.34,booster,Block 1
S006,2024-11-19 12:02:10,14887,62.69,43.79,5.43,48613,23.24,22.75,2.43,booster,Block 1
S006,2024-11-19 12:02:20,15375,60.73,45.7,4.88,53937,22.25,23.2,1.69,booster,Block 1
S006,2024-11-19 12:02:30,14553,55.11,43.42,4.87,50239,12.27,22.41,2.44,booster,Block 1
S006,2024-11-19 12:02:40,14899,59.76,46.28,5.05,45715,13.05,22.79,1.97,booster,Block 1
S006,2024-11-19 12:02:50,14499,64.57,46.86,5.0,50746,21.72,23.57,2.71,booster,Block 1
S006,2024-11-19 12:03:00,15086,59.28,49.03,4.9,47432,33.44,22.8,3.5,ship,Block 1
S006,2024-11-19 12:03:10,14552,55.99,48.33,5.0,49629,14.89,23.04,2.62,ship,Block 1
S006,2024-11-19 12:03:20,15001,62.78,50.26,5.08,52632,21.39,22.59,1.7,ship,Block 1
S006,2024-11-19 12:03:30,15056,57.51,52.11,5.06,48309,21.0,24.01,2.2,ship,Block 1
S006,2024-11-19 12:03:40,15394,58.29,54.22,4.96,49732,28.48,22.8,2.22,ship,Block 1
S006,2024-11-19 12:03:50,15174,57.83,51.86,4.94,47609,29.71,23.57,3.51,ship,Block 1
S006,2024-11-19 12:04:00,14823,57.9,53.94,4.97,50644,31.4,22.63,2.91,ship,Block 1
S006,2024-11-19 12:04:10,14962,62.52,55.09,5.23,48553,21.89,22.6,2.3,ship,Block 1
S006,2024-11-19 12:04:20,14853,58.16,56.49,4.87,50452,27.4,22.63,2.13,ship,Block 1
S006,2024-11-19 12:04:30,15321,60.93,57.09,5.21,49177,26.91,23.22,2.22,ship,Block 1
S006,2024-11-19 12:04:40,15107,58.83,54.71,5.0,51411,20.11,22.79,1.43,ship,Block 1
S006,2024-11-19 12:04:50,14801,62.44,58.08,4.92,49743,23.36,23.17,1.77,ship,Block 1
S006,2024-11-19 12:05:00,-375,8.41,99.52,1.16,5694,20.71,22.94,2.39,ship,Block 1
S006,2024-11-19 12:05:10,727,12.77,100.15,0.97,7428,21.68,23.34,3.07,ship,Block 1
S006,2024-11-19 12:05:20,-459,12.36,97.37,1.03,11507,21.87,22.79,2.98,ship,Block 1
S006,2024-11-19 12:05:30,186,10.96,98.82,0.83,8232,20.22,23.06,2.14,ship,Block 1
S006,2024-11-19 12:05:40,189,11.23,97.66,1.15,9685,32.15,22.88,2.83,ship,Block 1
S006,2024-11-19 12:05:50,309,8.56,95.28,0.73,8907,26.64,23.75,2.41,ship,Block 1
S006,2024-11-19 12:06:00,-624,5.96,96.88,0.92,10465,27.02,23.89,2.7,ship,Block 1
S006,2024-11-19 12:06:10,-110,9.86,95.14,1.21,11352,26.95,23.36,2.9,ship,Block 1
S006,2024-11-19 12:06:20,324,8.87,96.01,1.16,9257,23.11,23.01,2.19,ship,Block 1
S006,2024-11-19 12:06:30,-513,6.6,94.98,1.2,12464,24.02,22.87,2.83,ship,Block 1
S006,2024-11-19 12:06:40,759,9.41,95.6,1.24,8068,19.79,22.39,2.06,ship,Block 1
S006,2024-11-19 12:06:50,-275,8.68,93.79,1.2,10728,19.92,22.69,2.58,ship,Block 1
S006,2024-11-19 12:07:00,-2,10.03,94.78,0.64,8748,29.68,24.08,2.35,ship,Block 1
S006,2024-11-19 12:07:10,538,9.25,94.56,1.01,9614,28.49,23.43,2.32,ship,Block 1
S006,2024-11-19 12:07:20,-545,11.35,92.53,1.07,9839,20.05,22.67,2.57,ship,Block 1
S006,2024-11-19 12:07:30,-327,10.69,92.7,0.56,11075,17.9,22.77,3.1,ship,Block 1
S006,2024-11-19 12:07:40,186,8.08,92.38,0.9,9299,31.9,22.65,2.03,ship,Block 1
S006,2024-11-19 12:07:50,-231,9.1,91.82,1.01,8748,24.3,23.26,2.53,ship,Block 1
S006,2024-11-19 12:08:00,-175,6.85,91.06,1.11,8172,25.18,22.61,3.12,ship,Block 1
S006,2024-11-19 12:08:10,558,9.97,90.73,0.83,12730,14.76,23.76,2.59,ship,Block 1
S006,2024-11-19 12:08:20,508,10.98,90.68,1.36,11540,16.44,23.56,2.89,ship,Block 1
S006,2024-11-19 12:08:30,6,13.44,87.97,1.11,12174,26.16,23.03,1.69,ship,Block 1
S006,2024-11-19 12:08:40,562,9.75,88.64,0.84,8752,31.31,24.08,2.6,ship,Block 1
S006,2024-11-19 12:08:50,-379,9.8,88.07,0.9,13036,18.52,23.0,2.53,ship,Block 1
S006,2024-11-19 12:09:00,-297,8.69,88.4,1.14,12578,31.02,23.09,2.3,ship,Block 1
S006,2024-11-19 12:09:10,119,7.78,86.71,0.89,10991,26.56,23.53,2.67,ship,Block 1
S006,2024-11-19 12:09:20,1545,7.13,86.75,0.95,8088,18.87,23.01,2.04,ship,Block 1
S006,2024-11-19 12:09:30,154,15.62,86.9,0.67,10735,19.95,23.22,3.01,ship,Block 1
S006,2024-11-19 12:09:40,-169,10.84,86.93,0.86,8456,26.6,22.84,1.99,ship,Block 1
S006,2024-11-19 12:09:50,179,11.7,85.41,0.84,12170,15.33,22.77,2.23,ship,Block 1
S006,2024-11-19 12:10:00,235,61.39,99.92,3.19,32851,1000.03,22.72,2.52,ship,Block 1
S006,2024-11-19 12:10:10,979,62.46,120.12,2.85,29469,994.46,22.47,2.17,ship,Block 1
S006,2024-11-19 12:10:20,-580,63.65,138.69,2.91,28739,1009.76,23.42,2.68,ship,Block 1
S006,2024-11-19 12:10:30,867,67.55,161.39,3.3,30684,1010.5,23.48,2.67,ship,Block 1
S006,2024-11-19 12:10:40,378,65.49,178.47,2.95,29929,1011.44,22.8,2.18,ship,Block 1
S006,2024-11-19 12:10:50,310,69.42,197.9,3.02,33150,1012.66,23.54,2.53,ship,Block 1
S006,2024-11-19 12:11:00,480,71.22,218.93,3.23,30702,1006.48,23.13,2.34,ship,Block 1
S006,2024-11-19 12:11:10,-400,78.54,240.44,2.98,29617,1005.58,23.17,2.86,ship,Block 1
S006,2024-11-19 12:11:20,5,78.8,260.72,3.3,29186,1014.53,22.64,1.93,ship,Block 1
S006,2024-11-19 12:11:30,-715,78.76,280.45,2.92,30858,1019.59,22.79,2.55,ship,Block 1
S006,2024-11-19 12:11:40,541,79.98,299.48,3.14,31770,1016.43,22.36,2.91,ship,Block 1
S006,2024-11-19 12:11:50,-729,83.36,319.0,2.84,30766,1026.63,23.29,2.12,ship,Block 1
S006,2024-11-19 12:12:00,529,83.48,338.72,3.19,32676,1019.28,21.37,2.12,ship,Block 1
S006,2024-11-19 12:12:10,-135,87.6,360.35,3.39,33681,1022.93,22.8,1.92,ship,Block 1
S006,2024-11-19 12:12:20,-602,87.16,380.52,2.95,31823,1024.43,23.26,2.66,ship,Block 1
S006,2024-11-19 12:12:30,-317,89.28,400.16,2.92,26386,1031.58,22.87,1.5,ship,Block 1
S006,2024-11-19 12:12:40,82,90.81,420.7,2.73,26126,1021.64,22.6,2.06,ship,Block 1
S006,2024-11-19 12:12:50,-79,91.4,440.3,3.03,30242,1023.75,23.16,1.82,ship,Block 1
S006,2024-11-19 12:13:00,681,93.02,460.21,3.29,29757,1029.55,23.03,1.81,ship,Block 1
S006,2024-11-19 12:13:10,-49,98.55,479.45,2.97,28587,1031.61,23.72,2.55,ship,Block 1
S006,2024-11-19 12:13:20,-425,101.35,499.02,2.87,30289,1037.41,22.74,2.46,ship,Block 1
S006,2024-11-19 12:13:30,565,103.29,520.96,3.06,32032,1038.01,22.99,2.03,ship,Block 1
S006,2024-11-19 12:13:40,424,105.92,538.55,3.02,30919,1043.19,22.91,1.92,ship,Block 1
S006,2024-11-19 12:13:50,780,107.51,558.99,3.41,32525,1042.32,22.54,2.51,ship,Block 1
S006,2024-11-19 12:14:00,-289,110.42,580.84,3.03,32760,1039.46,23.49,2.26,ship,Block 1
S006,2024-11-19 12:14:10,92,110.48,600.28,2.88,27636,1047.66,23.09,2.1,ship,Block 1
S006,2024-11-19 12:14:20,1149,113.64,621.81,2.82,30142,1042.58,22.86,2.07,ship,Block 1
S006,2024-11-19 12:14:30,-102,114.13,640.32,3.24,30697,1050.83,22.92,2.87,ship,Block 1
S006,2024-11-19 12:14:40,-35,114.9,659.94,2.96,27441,1042.99,23.24,2.38,ship,Block 1
S006,2024-11-19 12:14:50,-187,121.45,679.76,2.96,29854,1047.8,22.64,2.55,ship,Block 1
S006,2024-11-19 12:15:00,3439,57.65,200.13,4.97,51948,19.64,23.01,2.78,ship,Block 1
S006,2024-11-19 12:15:10,3227,59.87,194.2,5.37,48740,24.37,22.39,2.29,ship,Block 1
S006,2024-11-19 12:15:20,3093,59.81,190.02,5.25,48998,29.33,23.2,2.68,ship,Block 1
S006,2024-11-19 12:15:30,2581,62.25,185.24,5.55,46344,24.93,22.22,1.57,ship,Block 1
S006,2024-11-19 12:15:40,3709,57.67,181.25,5.05,49784,27.82,23.53,1.85,ship,Block 1
S006,2024-11-19 12:15:50,3418,61.03,176.33,4.93,48987,22.45,22.96,2.58,ship,Block 1
S006,2024-11-19 12:16:00,4078,59.19,169.4,5.22,50293,27.63,22.08,2.06,ship,Block 1
S006,2024-11-19 12:16:10,3279,58.69,164.66,4.77,54357,37.4,23.22,2.25,ship,Block 1
S006,2024-11-19 12:16:20,4019,58.18,159.47,5.23,50952,24.2,22.52,3.23,ship,Block 1
S006,2024-11-19 12:16:30,2878,56.63,155.75,4.86,48164,27.86,23.92,1.87,ship,Block 1
S007,2025-01-16 12:00:00,18130,65.33,33.38,6.55,43992,14.8,28.67,2.59,booster,Block 2
S007,2025-01-16 12:00:10,18256,85.15,26.16,6.18,38314,28.46,28.37,2.26,booster,Block 2
S007,2025-01-16 12:00:20,15940,83.92,29.28,5.03,50893,29.8,29.01,2.65,booster,Block 2
S007,2025-01-16 12:00:30,17807,80.24,32.29,2.02,50181,17.61,30.31,2.09,booster,Block 2
S007,2025-01-16 12:00:40,19168,61.4,31.49,5.99,50206,45.37,29.79,2.95,booster,Block 2
S007,2025-01-16 12:00:50,17051,75.92,28.7,3.94,39854,11.43,29.62,2.12,booster,Block 2
S007,2025-01-16 12:01:00,16370,68.58,36.68,4.74,62089,24.37,28.35,3.24,booster,Block 2
S007,2025-01-16 12:01:10,16310,65.73,35.92,4.77,47422,44.48,28.68,3.62,booster,Block 2
S007,2025-01-16 12:01:20,16474,72.52,36.73,4.78,44492,23.82,29.26,2.26,booster,Block 2
S007,2025-01-16 12:01:30,17874,65.17,41.12,2.68,48209,14.83,28.53,3.02,booster,Block 2
S007,2025-01-16 12:01:40,18866,82.05,39.22,4.35,42719,29.26,28.61,1.72,booster,Block 2
S007,2025-01-16 12:01:50,18688,54.75,42.76,5.34,40980,30.94,28.51,2.66,booster,Block 2
S007,2025-01-16 12:02:00,18458,58.42,46.64,4.7,37490,48.32,29.55,2.4,booster,Block 2
S007,2025-01-16 12:02:10,17539,65.19,45.13,4.54,47536,4.73,28.69,3.53,booster,Block 2
S007,2025-01-16 12:02:20,16014,74.65,45.96,5.36,54075,51.7,28.99,3.29,booster,Block 2
S007,2025-01-16 12:02:30,19155,60.12,55.34,5.07,51014,51.59,28.49,2.82,booster,Block 2
S007,2025-01-16 12:02:40,19783,76.48,46.21,6.26,40678,7.54,29.07,2.6,booster,Block 2
S007,2025-01-16 12:02:50,19303,81.68,56.55,5.45,40494,-8.09,28.66,3.81,booster,Block 2
S007,2025-01-16 12:03:00,19485,73.15,51.25,6.34,38250,5.29,28.27,2.24,ship,Block 2
S007,2025-01-16 12:03:10,18728,79.9,38.82,3.9,57031,34.32,28.67,3.1,ship,Block 2
S007,2025-01-16 12:03:20,19443,74.36,46.05,4.74,60219,48.05,28.91,3.34,ship,Block 2
S007,2025-01-16 12:03:30,15713,67.62,49.17,4.69,48211,-2.94,29.57,2.69,ship,Block 2
S007,2025-01-16 12:03:40,16685,48.4,56.1,4.93,43238,13.98,27.39,2.48,ship,Block 2
S007,2025-01-16 12:03:50,17520,74.19,47.41,4.54,42127,7.83,29.29,3.36,ship,Block 2
S007,2025-01-16 12:04:00,16926,43.1,55.1,5.0,46468,17.89,29.52,2.01,ship,Block 2
S007,2025-01-16 12:04:10,19551,69.93,51.78,6.11,49021,22.71,29.12,3.13,ship,Block 2
S007,2025-01-16 12:04:20,18321,61.69,51.58,4.96,65206,26.17,28.56,3.41,ship,Block 2
S007,2025-01-16 12:04:30,17728,68.38,59.02,5.8,42158,50.44,29.77,2.29,ship,Block 2
S007,2025-01-16 12:04:40,16952,60.92,50.64,3.49,41208,20.84,29.11,2.23,ship,Block 2
S007,2025-01-16 12:04:50,17867,51.03,56.55,6.53,45043,47.71,29.2,3.47,ship,Block 2
S007,2025-01-16 12:05:00,961,-9.92,91.99,3.1,9521,29.94,29.7,2.67,ship,Block 2
S007,2025-01-16 12:05:10,1070,-0.88,94.33,1.86,21004,-0.09,28.88,2.32,ship,Block 2
S007,2025-01-16 12:05:20,1520,12.04,95.32,1.01,-13425,39.6,29.09,3.15,ship,Block 2
S007,2025-01-16 12:05:30,2003,21.36,100.42,-1.18,7892,26.55,28.41,2.8,ship,Block 2
S007,2025-01-16 12:05:40,1248,31.1,97.33,-0.21,10888,14.02,29.64,2.07,ship,Block 2
S007,2025-01-16 12:05:50,2085,4.29,102.9,2.19,-5303,32.99,28.95,2.73,ship,Block 2
S007,2025-01-16 12:06:00,2083,3.71,95.23,0.76,6993,26.27,28.27,2.64,ship,Block 2
S007,2025-01-16 12:06:10,-753,22.13,92.48,2.95,7183,36.8,28.93,3.17,ship,Block 2
S007,2025-01-16 12:06:20,-700,11.81,98.36,1.64,23903,27.67,28.66,2.71,ship,Block 2
S007,2025-01-16 12:06:30,-774,17.07,100.42,2.21,8445,39.66,29.62,3.04,ship,Block 2
S007,2025-01-16 12:06:40,-859,19.19,98.86,1.82,7865,16.55,29.5,2.91,ship,Block 2
S007,2025-01-16 12:06:50,872,22.15,86.56,-0.05,5670,-1.29,28.65,3.59,ship,Block 2
S007,2025-01-16 12:07:00,-517,-4.51,80.81,0.44,10404,2.62,29.62,3.41,ship,Block 2
S007,2025-01-16 12:07:10,1476,4.57,86.2,1.42,7232,3.31,29.04,3.09,ship,Block 2
S007,2025-01-16 12:07:20,1336,-0.61,97.26,0.48,5395,-3.12,29.25,1.73,ship,Block 2
S007,2025-01-16 12:07:30,-356,10.72,87.9,1.14,4060,27.95,29.08,2.06,ship,Block 2
S007,2025-01-16 12:07:40,487,13.35,95.68,-0.63,3356,50.73,29.16,2.14,ship,Block 2
S007,2025-01-16 12:07:50,-1258,16.03,86.93,0.13,19709,21.79,28.5,3.51,ship,Block 2
S007,2025-01-16 12:08:00,-2210,0.52,82.92,1.7,2945,20.95,28.89,2.57,ship,Block 2
S007,2025-01-16 12:08:10,1778,4.5,83.83,1.11,-2383,30.88,29.13,2.46,ship,Block 2
S007,2025-01-16 12:08:20,548,8.96,97.11,2.16,11305,5.66,28.26,2.76,ship,Block 2
S007,2025-01-16 12:08:30,2329,19.93,97.71,-0.41,9874,24.71,29.17,2.96,ship,Block 2
S007,2025-01-16 12:08:40,-1463,8.06,86.09,0.69,6360,9.14,28.0,2.27,ship,Block 2
S007,2025-01-16 12:08:50,-1208,32.57,75.45,2.13,7586,32.18,30.46,2.81,ship,Block 2
S007,2025-01-16 12:09:00,-646,12.96,86.68,1.92,6850,23.0,28.73,1.85,ship,Block 2
S007,2025-01-16 12:09:10,-1889,25.37,89.93,0.45,7039,5.87,28.79,3.18,ship,Block 2
S007,2025-01-16 12:09:20,-1385,18.5,84.03,0.03,13729,43.24,29.85,2.3,ship,Block 2
S007,2025-01-16 12:09:30,2934,38.5,85.21,0.53,11602,26.55,28.9,2.17,ship,Block 2
S007,2025-01-16 12:09:40,-4207,21.78,92.18,1.73,472,36.13,29.16,2.08,ship,Block 2
S007,2025-01-16 12:09:50,-843,12.83,79.17,0.93,1088,30.79,29.27,3.36,ship,Block 2
S007,2025-01-16 12:10:00,-2564,60.89,100.49,4.18,19351,1013.36,28.07,3.76,ship,Block 2
S007,2025-01-16 12:10:10,-2132,65.85,124.34,3.75,27978,991.36,28.83,1.31,ship,Block 2
S007,2025-01-16 12:10:20,2592,72.89,138.03,3.09,33315,997.84,28.19,2.88,ship,Block 2
S007,2025-01-16 12:10:30,586,76.01,154.03,1.67,28740,1011.08,28.52,3.46,ship,Block 2
S007,2025-01-16 12:10:40,-1764,81.66,172.02,3.31,7637,1030.88,29.12,2.34,ship,Block 2
S007,2025-01-16 12:10:50,3312,86.65,199.97,1.39,26721,1005.56,28.7,2.79,ship,Block 2
S007,2025-01-16 12:11:00,4332,93.71,222.53,1.7,29049,1018.08,28.02,2.7,ship,Block 2
S007,2025-01-16 12:11:10,-139,91.58,238.09,4.94,34844,1012.53,29.3,3.33,ship,Block 2
S007,2025-01-16 12:11:20,950,97.51,261.38,2.27,26494,991.39,29.3,1.79,ship,Block 2
S007,2025-01-16 12:11:30,-347,94.5,287.14,4.84,36631,1034.29,29.86,2.7,ship,Block 2
S007,2025-01-16 12:11:40,122,104.07,297.77,2.48,29097,998.35,28.47,2.08,ship,Block 2
S007,2025-01-16 12:11:50,678,99.7,316.59,3.5,29596,984.92,28.52,2.64,ship,Block 2
S007,2025-01-16 12:12:00,-469,87.09,346.19,4.6,52829,1023.41,28.28,2.98,ship,Block 2
S007,2025-01-16 12:12:10,2208,96.73,370.81,3.57,13748,983.65,27.98,3.2,ship,Block 2
S007,2025-01-16 12:12:20,853,95.65,379.76,3.45,24367,1006.9,29.12,1.92,ship,Block 2
S007,2025-01-16 12:12:30,-197,91.73,401.54,3.85,27692,1013.28,28.28,2.52,ship,Block 2
S007,2025-01-16 12:12:40,114,105.98,421.91,3.27,23363,1031.36,28.93,3.06,ship,Block 2
S007,2025-01-16 12:12:50,652,110.32,446.77,2.45,42541,986.2,28.49,2.14,ship,Block 2
S007,2025-01-16 12:13:00,2155,125.49,465.01,4.06,40449,1014.8,30.04,2.52,ship,Block 2
S007,2025-01-16 12:13:10,-384,107.13,468.52,3.48,15444,997.02,28.91,3.26,ship,Block 2
S007,2025-01-16 12:13:20,2112,106.89,498.68,3.53,45487,1048.87,28.67,3.04,ship,Block 2
S007,2025-01-16 12:13:30,3480,128.2,519.5,4.07,7056,1037.39,28.76,2.54,ship,Block 2
S007,2025-01-16 12:13:40,-835,121.61,540.41,2.3,16286,1002.06,28.95,2.51,ship,Block 2
S007,2025-01-16 12:13:50,1751,129.42,559.98,4.09,34519,1031.46,28.26,1.84,ship,Block 2
S007,2025-01-16 12:14:00,-604,119.23,576.65,0.94,19263,1029.12,29.54,2.52,ship,Block 2
S007,2025-01-16 12:14:10,-2661,135.87,601.69,1.28,29212,1041.26,29.88,2.48,ship,Block 2
S007,2025-01-16 12:14:20,-1929,132.12,624.33,2.63,25798,1024.93,28.15,1.81,ship,Block 2
S007,2025-01-16 12:14:30,1562,139.67,641.99,2.9,13489,1053.56,28.81,2.49,ship,Block 2
S007,2025-01-16 12:14:40,1432,137.74,662.79,4.44,41231,1029.57,28.87,2.9,ship,Block 2
S007,2025-01-16 12:14:50,-1643,125.59,682.09,3.5,27466,1022.0,28.82,2.75,ship,Block 2
S007,2025-01-16 12:15:00,2355,67.84,190.74,4.6,18557,45.74,29.16,2.78,ship,Block 2
S007,2025-01-16 12:15:10,3704,67.12,201.68,6.23,44502,5.77,28.55,1.82,ship,Block 2
S007,2025-01-16 12:15:20,4771,80.6,191.22,4.88,59172,47.63,27.9,2.94,ship,Block 2
S007,2025-01-16 12:15:30,5836,74.41,187.1,5.45,58151,30.29,29.15,2.21,ship,Block 2
S007,2025-01-16 12:15:40,4559,81.75,180.98,4.57,32085,25.64,29.16,3.63,ship,Block 2
S007,2025-01-16 12:15:50,1149,78.17,182.48,4.83,37728,73.75,28.76,2.61,ship,Block 2
S007,2025-01-16 12:16:00,4976,54.8,170.6,3.66,47404,33.72,29.33,3.14,ship,Block 2
S007,2025-01-16 12:16:10,2969,58.02,154.44,5.86,54440,27.32,29.39,2.17,ship,Block 2
S007,2025-01-16 12:16:20,3646,68.25,159.44,5.01,51854,32.81,28.39,1.89,ship,Block 2
S007,2025-01-16 12:16:30,1246,79.12,156.08,3.48,53887,52.5,28.49,2.66,ship,Block 2
S008,2025-02-27 12:00:00,18919,71.48,17.75,5.0,37818,-0.04,29.04,6.14,booster,Block 2
S008,2025-02-27 12:00:10,18068,74.98,28.8,4.92,39058,50.82,28.73,6.02,booster,Block 2
S008,2025-02-27 12:00:20,18280,55.44,31.46,5.65,54390,-4.12,29.63,5.99,booster,Block 2
S008,2025-02-27 12:00:30,18998,83.33,39.93,5.39,47666,45.84,28.61,6.89,booster,Block 2
S008,2025-02-27 12:00:40,18024,67.03,33.32,2.73,57879,56.36,28.82,6.13,booster,Block 2
S008,2025-02-27 12:00:50,19896,60.21,31.29,4.51,54757,53.52,28.67,6.88,booster,Block 2
S008,2025-02-27 12:01:00,17686,74.03,35.22,2.99,44990,34.95,28.51,6.21,booster,Block 2
S008,2025-02-27 12:01:10,18648,66.45,41.95,4.52,45886,32.04,28.94,5.41,booster,Block 2
S008,2025-02-27 12:01:20,18996,68.97,43.35,6.1,55042,28.97,29.4,5.66,booster,Block 2
S008,2025-02-27 12:01:30,18654,78.07,44.14,4.11,53506,-2.64,28.84,5.91,booster,Block 2
S008,2025-02-27 12:01:40,20896,66.33,48.44,6.02,17088,29.47,28.27,5.59,booster,Block 2
S008,2025-02-27 12:01:50,17558,85.91,40.67,4.25,43856,48.28,29.59,5.68,booster,Block 2
S008,2025-02-27 12:02:00,19162,80.51,56.0,5.09,60924,30.62,29.09,5.98,booster,Block 2
S008,2025-02-27 12:02:10,16319,67.78,45.76,3.23,42911,29.37,29.0,6.08,booster,Block 2
S008,2025-02-27 12:02:20,17581,45.69,46.81,5.62,47384,18.02,28.65,6.16,booster,Block 2
S008,2025-02-27 12:02:30,17143,51.09,44.98,4.78,33496,34.63,29.43,5.74,booster,Block 2
S008,2025-02-27 12:02:40,18358,60.68,39.09,5.32,52448,19.11,29.42,5.83,booster,Block 2
S008,2025-02-27 12:02:50,19547,72.15,45.5,7.4,32840,15.63,29.12,5.91,booster,Block 2
S008,2025-02-27 12:03:00,19793,58.9,59.35,5.81,40460,-12.25,29.44,6.41,ship,Block 2
S008,2025-02-27 12:03:10,16952,63.51,51.89,6.14,64347,37.85,29.47,7.46,ship,Block 2
S008,2025-02-27 12:03:20,18053,74.9,38.28,5.32,27852,0.6,29.28,6.91,ship,Block 2
S008,2025-02-27 12:03:30,18215,79.22,50.18,6.5,49386,32.13,28.75,6.58,ship,Block 2
S008,2025-02-27 12:03:40,17243,69.15,50.12,3.54,41862,21.59,28.42,5.49,ship,Block 2
S008,2025-02-27 12:03:50,20569,63.88,54.72,4.87,58610,11.1,30.01,6.62,ship,Block 2
S008,2025-02-27 12:04:00,17103,94.33,57.11,5.51,46177,2.86,29.5,5.68,ship,Block 2
S008,2025-02-27 12:04:10,17129,64.03,61.13,4.76,56230,38.61,28.4,6.35,ship,Block 2
S008,2025-02-27 12:04:20,17860,73.48,58.52,4.48,63608,15.67,28.68,6.35,ship,Block 2
S008,2025-02-27 12:04:30,17190,62.94,50.57,4.14,55926,6.81,28.98,6.36,ship,Block 2
S008,2025-02-27 12:04:40,18225,64.05,57.64,6.15,66849,18.73,29.52,6.24,ship,Block 2
S008,2025-02-27 12:04:50,17130,71.65,66.01,4.28,44090,77.5,29.48,5.45,ship,Block 2
S008,2025-02-27 12:05:00,-434,5.01,100.11,1.29,7886,34.5,29.05,6.42,ship,Block 2
S008,2025-02-27 12:05:10,-368,8.98,97.63,1.84,1306,42.85,29.29,6.47,ship,Block 2
S008,2025-02-27 12:05:20,1341,5.12,96.2,1.0,1517,29.58,29.89,6.13,ship,Block 2
S008,2025-02-27 12:05:30,1330,8.63,96.93,-0.09,4054,71.53,29.72,6.03,ship,Block 2
S008,2025-02-27 12:05:40,1166,20.3,102.5,0.4,3948,-5.1,29.29,5.94,ship,Block 2
S008,2025-02-27 12:05:50,-1222,7.3,89.69,2.11,5846,27.93,29.74,6.35,ship,Block 2
S008,2025-02-27 12:06:00,-920,6.45,100.71,0.68,22310,28.51,28.37,6.36,ship,Block 2
S008,2025-02-27 12:06:10,1532,16.25,98.0,1.82,-8929,-4.4,29.47,5.85,ship,Block 2
S008,2025-02-27 12:06:20,1760,25.71,92.7,1.71,7990,43.17,30.08,5.96,ship,Block 2
S008,2025-02-27 12:06:30,2063,18.44,80.79,2.08,12731,9.42,29.53,4.86,ship,Block 2
S008,2025-02-27 12:06:40,-2835,19.81,99.25,2.02,15851,32.03,28.08,6.27,ship,Block 2
S008,2025-02-27 12:06:50,553,9.69,102.64,0.58,18719,35.83,29.52,5.84,ship,Block 2
S008,2025-02-27 12:07:00,-2217,4.59,94.09,0.46,13838,43.05,28.93,6.06,ship,Block 2
S008,2025-02-27 12:07:10,1312,-6.83,91.37,2.21,7729,26.06,29.46,6.11,ship,Block 2
S008,2025-02-27 12:07:20,2736,4.83,85.83,1.25,18117,12.03,28.31,6.14,ship,Block 2
S008,2025-02-27 12:07:30,25,15.04,89.76,4.17,25112,38.47,28.51,5.79,ship,Block 2
S008,2025-02-27 12:07:40,1428,-0.35,84.39,1.23,18760,41.37,28.21,5.67,ship,Block 2
S008,2025-02-27 12:07:50,271,12.96,87.15,2.86,13935,33.98,29.0,6.62,ship,Block 2
S008,2025-02-27 12:08:00,1198,5.08,89.48,2.19,21062,15.64,29.1,5.79,ship,Block 2
S008,2025-02-27 12:08:10,2078,19.35,80.73,0.45,17055,-1.93,28.83,6.83,ship,Block 2
S008,2025-02-27 12:08:20,-254,5.84,81.84,0.1,22045,26.96,28.67,6.52,ship,Block 2
S008,2025-02-27 12:08:30,-1773,28.54,91.82,1.35,11166,37.71,29.62,5.69,ship,Block 2
S008,2025-02-27 12:08:40,897,-0.65,82.8,0.75,10195,15.17,28.88,6.15,ship,Block 2
S008,2025-02-27 12:08:50,1425,-10.58,84.22,1.11,-1976,53.02,29.59,5.67,ship,Block 2
S008,2025-02-27 12:09:00,117,0.88,87.7,0.77,12799,11.97,29.24,5.89,ship,Block 2
S008,2025-02-27 12:09:10,114,15.12,88.88,1.3,3639,-7.62,29.83,6.51,ship,Block 2
S008,2025-02-27 12:09:20,20,7.06,93.92,2.11,6517,24.41,29.35,6.36,ship,Block 2
S008,2025-02-27 12:09:30,2036,16.0,86.75,-0.75,15944,18.47,29.33,5.92,ship,Block 2
S008,2025-02-27 12:09:40,-390,13.5,92.76,-0.97,18772,19.15,29.39,6.6,ship,Block 2
S008,2025-02-27 12:09:50,-150,2.63,83.43,0.8,8520,23.42,29.14,6.42,ship,Block 2
S008,2025-02-27 12:10:00,-642,91.11,86.89,2.38,35648,1008.07,28.29,6.08,ship,Block 2
S008,2025-02-27 12:10:10,-1337,82.26,108.32,3.93,33941,1018.65,28.82,6.34,ship,Block 2
S008,2025-02-27 12:10:20,103,79.51,142.56,2.95,34158,1010.24,29.13,5.33,ship,Block 2
S008,2025-02-27 12:10:30,-404,75.99,158.83,3.44,27161,1031.49,28.55,7.37,ship,Block 2
S008,2025-02-27 12:10:40,-1789,83.72,177.52,4.9,31425,1013.71,29.38,5.63,ship,Block 2
S008,2025-02-27 12:10:50,-406,75.99,205.82,2.99,38476,1021.51,28.96,5.93,ship,Block 2
S008,2025-02-27 12:11:00,942,91.93,218.05,2.75,54619,985.03,30.32,6.64,ship,Block 2
S008,2025-02-27 12:11:10,-1066,97.75,242.55,2.97,38451,984.32,28.93,6.88,ship,Block 2
S008,2025-02-27 12:11:20,-1043,84.74,261.76,1.61,20795,1026.67,28.67,5.8,ship,Block 2
S008,2025-02-27 12:11:30,-1207,91.78,280.27,2.52,29949,1038.46,28.89,5.91,ship,Block 2
S008,2025-02-27 12:11:40,401,95.26,306.85,3.63,39671,1013.24,28.95,5.85,ship,Block 2
S008,2025-02-27 12:11:50,-486,92.55,327.4,3.77,31955,983.07,29.29,6.81,ship,Block 2
S008,2025-02-27 12:12:00,-1166,98.48,334.5,4.65,6359,1005.74,29.59,6.21,ship,Block 2
S008,2025-02-27 12:12:10,1270,95.32,358.08,3.89,27498,1022.96,28.14,5.76,ship,Block 2
S008,2025-02-27 12:12:20,-768,117.45,377.32,3.03,27529,1000.74,29.65,6.58,ship,Block 2
S008,2025-02-27 12:12:30,-1221,92.16,394.89,2.5,37248,1006.15,28.62,6.47,ship,Block 2
S008,2025-02-27 12:12:40,2043,104.81,411.7,5.2,28976,1030.98,29.99,6.37,ship,Block 2
S008,2025-02-27 12:12:50,-1437,123.05,450.38,3.35,27545,1035.94,28.81,6.49,ship,Block 2
S008,2025-02-27 12:13:00,-1311,123.83,460.11,4.45,11644,1005.87,29.46,6.28,ship,Block 2
S008,2025-02-27 12:13:10,-157,116.03,477.44,3.99,38469,1012.05,29.39,5.88,ship,Block 2
S008,2025-02-27 12:13:20,-665,104.11,504.85,2.91,19939,1049.92,29.15,5.89,ship,Block 2
S008,2025-02-27 12:13:30,-615,110.93,511.49,2.97,22632,1058.37,28.72,6.51,ship,Block 2
S008,2025-02-27 12:13:40,-2908,121.7,542.22,1.14,21976,1032.99,30.67,6.6,ship,Block 2
S008,2025-02-27 12:13:50,-876,127.8,559.9,2.56,32489,1030.93,28.97,6.26,ship,Block 2
S008,2025-02-27 12:14:00,538,115.23,582.23,4.73,25084,1026.19,29.25,5.6,ship,Block 2
S008,2025-02-27 12:14:10,-971,126.67,594.28,3.81,13748,1051.5,29.11,6.19,ship,Block 2
S008,2025-02-27 12:14:20,-864,111.59,616.94,2.68,46001,1035.57,27.92,6.35,ship,Block 2
S008,2025-02-27 12:14:30,-2027,130.18,640.64,1.94,17155,1033.67,28.6,6.04,ship,Block 2
S008,2025-02-27 12:14:40,513,139.91,658.33,2.22,21952,1053.59,29.16,5.95,ship,Block 2
S008,2025-02-27 12:14:50,445,147.54,683.22,1.71,29451,1075.43,28.87,6.24,ship,Block 2
S008,2025-02-27 12:15:00,4002,77.01,202.61,4.01,40043,17.14,28.99,6.0,ship,Block 2
S008,2025-02-27 12:15:10,4038,74.56,194.52,6.8,46622,14.55,29.84,5.08,ship,Block 2
S008,2025-02-27 12:15:20,3300,70.18,191.33,4.68,33864,1.05,29.49,5.81,ship,Block 2
S008,2025-02-27 12:15:30,2164,81.07,195.1,6.29,49113,14.14,29.69,6.63,ship,Block 2
S008,2025-02-27 12:15:40,5263,65.03,185.82,2.85,56923,18.65,29.35,5.86,ship,Block 2
S008,2025-02-27 12:15:50,5556,82.6,171.83,6.16,37203,46.19,29.12,6.63,ship,Block 2
S008,2025-02-27 12:16:00,4174,74.89,175.28,4.8,49639,51.68,28.59,6.13,ship,Block 2
S008,2025-02-27 12:16:10,4841,67.24,158.28,5.7,70026,15.6,29.51,5.92,ship,Block 2
S008,2025-02-27 12:16:20,3004,51.87,172.93,5.34,34895,1.32,28.45,5.09,ship,Block 2
S008,2025-02-27 12:16:30,2637,53.58,155.41,6.27,40822,71.99,28.48,6.8,ship,Block 2
S009,2025-05-23 12:00:00,19310,73.45,30.84,4.89,51522,24.47,17.62,9.17,booster,Block 2
S009,2025-05-23 12:00:10,19031,76.37,32.72,4.72,47209,17.44,16.88,8.16,booster,Block 2
S009,2025-05-23 12:00:20,19981,75.85,33.05,4.57,47970,25.93,17.26,8.0,booster,Block 2
S009,2025-05-23 12:00:30,19662,72.41,33.7,4.72,48139,24.81,16.1,8.12,booster,Block 2
S009,2025-05-23 12:00:40,18958,72.81,34.32,5.01,48224,19.52,16.9,8.41,booster,Block 2
S009,2025-05-23 12:00:50,18429,76.64,34.84,5.08,51319,30.04,17.76,8.49,booster,Block 2
S009,2025-05-23 12:01:00,19080,71.14,35.3,4.67,49036,30.17,16.79,8.28,booster,Block 2
S009,2025-05-23 12:01:10,18642,71.54,37.2,4.87,48911,26.62,17.69,7.83,booster,Block 2
S009,2025-05-23 12:01:20,19266,74.05,40.15,4.85,48309,19.4,17.96,7.92,booster,Block 2
S009,2025-05-23 12:01:30,19248,77.95,39.49,5.18,48600,26.68,17.24,8.92,booster,Block 2
S009,2025-05-23 12:01:40,19236,74.67,39.79,4.79,51927,22.35,16.71,8.45,booster,Block 2
S009,2025-05-23 12:01:50,18926,73.73,42.13,4.73,49448,30.67,17.5,9.39,booster,Block 2
S009,2025-05-23 12:02:00,17678,71.16,41.69,5.29,48214,27.52,17.08,9.0,booster,Block 2
S009,2025-05-23 12:02:10,18949,77.77,43.8,4.89,49111,19.93,17.1,8.69,booster,Block 2
S009,2025-05-23 12:02:20,18659,77.75,43.39,4.71,49157,17.12,16.82,8.89,booster,Block 2
S009,2025-05-23 12:02:30,19420,75.65,45.21,5.44,54734,24.76,17.49,8.53,booster,Block 2
S009,2025-05-23 12:02:40,18998,74.39,45.97,5.28,49351,29.74,15.93,9.62,booster,Block 2
S009,2025-05-23 12:02:50,18387,74.04,46.92,5.24,53715,20.65,17.13,8.99,booster,Block 2
S009,2025-05-23 12:03:00,18729,74.79,48.22,5.04,52814,32.29,17.25,7.95,ship,Block 2
S009,2025-05-23 12:03:10,19365,74.27,49.99,4.81,50114,21.1,16.42,9.64,ship,Block 2
S009,2025-05-23 12:03:20,18354,80.92,50.05,4.89,51766,19.16,16.88,8.51,ship,Block 2
S009,2025-05-23 12:03:30,19215,76.16,51.76,5.03,49415,19.85,17.97,8.64,ship,Block 2
S009,2025-05-23 12:03:40,19454,75.48,51.71,4.78,46136,25.43,17.0,8.48,ship,Block 2
S009,2025-05-23 12:03:50,19838,77.23,53.26,5.11,48406,24.78,17.34,8.25,ship,Block 2
S009,2025-05-23 12:04:00,17845,72.32,52.72,4.96,49308,26.0,16.92,7.92,ship,Block 2
S009,2025-05-23 12:04:10,19087,74.7,54.37,4.73,47897,29.12,17.74,8.38,ship,Block 2
S009,2025-05-23 12:04:20,19117,75.68,56.71,4.74,45222,28.55,16.79,8.64,ship,Block 2
S009,2025-05-23 12:04:30,19717,74.45,57.84,4.95,49623,16.91,17.46,8.5,ship,Block 2
S009,2025-05-23 12:04:40,19038,75.61,57.45,4.86,50720,25.65,17.3,8.52,ship,Block 2
S009,2025-05-23 12:04:50,18748,75.74,60.96,4.91,53314,30.2,17.28,9.41,ship,Block 2
S009,2025-05-23 12:05:00,-182,13.26,99.71,0.92,7875,25.31,16.98,8.27,ship,Block 2
S009,2025-05-23 12:05:10,-105,9.03,98.54,0.67,7688,24.54,17.26,8.29,ship,Block 2
S009,2025-05-23 12:05:20,-484,9.19,99.07,0.64,8389,21.5,16.7,8.73,ship,Block 2
S009,2025-05-23 12:05:30,-304,11.87,98.75,1.3,11314,29.84,16.41,8.23,ship,Block 2
S009,2025-05-23 12:05:40,-136,12.08,98.95,0.87,10622,27.1,17.62,8.12,ship,Block 2
S009,2025-05-23 12:05:50,-414,9.76,97.88,1.02,10916,25.67,16.63,8.77,ship,Block 2
S009,2025-05-23 12:06:00,-344,7.8,96.98,1.15,12061,27.91,17.39,9.15,ship,Block 2
S009,2025-05-23 12:06:10,136,11.15,96.17,1.05,11202,22.06,16.36,8.38,ship,Block 2
S009,2025-05-23 12:06:20,-336,7.55,95.75,1.52,10889,22.67,17.16,9.43,ship,Block 2
S009,2025-05-23 12:06:30,-804,7.54,96.47,1.15,10996,25.09,17.1,9.17,ship,Block 2
S009,2025-05-23 12:06:40,-360,6.24,96.33,0.94,7233,25.58,17.3,8.59,ship,Block 2
S009,2025-05-23 12:06:50,-353,7.28,93.83,1.1,10236,25.59,16.9,8.73,ship,Block 2
S009,2025-05-23 12:07:00,973,9.27,94.37,1.28,8739,20.68,16.21,8.04,ship,Block 2
S009,2025-05-23 12:07:10,153,11.58,92.4,1.05,11194,25.41,17.28,9.31,ship,Block 2
S009,2025-05-23 12:07:20,550,9.49,93.84,0.8,10782,31.19,16.91,8.53,ship,Block 2
S009,2025-05-23 12:07:30,705,10.14,91.86,0.46,11898,18.35,16.31,8.31,ship,Block 2
S009,2025-05-23 12:07:40,-146,12.24,90.67,1.02,7696,20.14,17.07,8.14,ship,Block 2
S009,2025-05-23 12:07:50,-136,7.61,90.73,1.08,13895,29.11,16.34,8.95,ship,Block 2
S009,2025-05-23 12:08:00,-1182,10.15,90.12,1.25,11634,25.54,16.99,9.1,ship,Block 2
S009,2025-05-23 12:08:10,40,11.4,91.27,0.9,6919,19.25,16.68,8.45,ship,Block 2
S009,2025-05-23 12:08:20,-212,13.04,91.83,0.91,8487,17.79,17.09,7.81,ship,Block 2
S009,2025-05-23 12:08:30,390,7.69,89.16,1.33,9476,22.72,17.04,9.32,ship,Block 2
S009,2025-05-23 12:08:40,418,11.23,89.85,0.99,10157,26.5,17.86,8.79,ship,Block 2
S009,2025-05-23 12:08:50,-183,10.92,89.5,0.63,10711,25.36,16.2,8.96,ship,Block 2
S009,2025-05-23 12:09:00,259,10.98,87.96,1.18,9620,26.22,17.11,8.4,ship,Block 2
S009,2025-05-23 12:09:10,445,12.49,86.02,0.97,8763,14.0,16.32,8.88,ship,Block 2
S009,2025-05-23 12:09:20,132,9.19,88.08,1.17,10974,13.11,16.9,8.54,ship,Block 2
S009,2025-05-23 12:09:30,556,11.73,88.01,0.68,10917,28.47,16.28,8.88,ship,Block 2
S009,2025-05-23 12:09:40,-25,9.09,85.46,0.86,12519,32.4,16.35,8.86,ship,Block 2
S009,2025-05-23 12:09:50,45,8.51,85.83,0.83,9156,24.93,16.25,9.27,ship,Block 2
S009,2025-05-23 12:10:00,-474,77.27,100.97,3.27,28731,1001.7,17.0,8.18,ship,Block 2
S009,2025-05-23 12:10:10,-466,78.7,121.07,2.72,29682,1002.6,16.87,8.73,ship,Block 2
S009,2025-05-23 12:10:20,415,75.5,140.75,3.09,31191,1002.99,17.61,8.99,ship,Block 2
S009,2025-05-23 12:10:30,-383,80.08,160.28,2.96,27859,999.18,16.51,8.16,ship,Block 2
S009,2025-05-23 12:10:40,-144,86.95,179.47,2.77,28897,1014.43,16.88,8.64,ship,Block 2
S009,2025-05-23 12:10:50,-114,89.91,201.36,2.85,28721,1009.46,15.98,8.43,ship,Block 2
S009,2025-05-23 12:11:00,-446,87.47,221.33,2.77,28906,1011.87,16.79,8.8,ship,Block 2
S009,2025-05-23 12:11:10,-407,95.27,239.97,2.9,31632,1011.46,17.36,9.02,ship,Block 2
S009,2025-05-23 12:11:20,-834,94.55,260.13,3.04,30773,1006.92,16.88,9.53,ship,Block 2
S009,2025-05-23 12:11:30,-217,91.67,280.27,3.04,28039,1020.03,16.74,8.79,ship,Block 2
S009,2025-05-23 12:11:40,-150,99.16,299.51,3.31,24538,1020.81,17.34,7.26,ship,Block 2
S009,2025-05-23 12:11:50,-971,100.8,319.14,2.82,28467,1015.71,16.64,9.53,ship,Block 2
S009,2025-05-23 12:12:00,-164,102.08,339.73,2.76,30027,1024.46,16.02,8.21,ship,Block 2
S009,2025-05-23 12:12:10,-146,108.2,359.55,2.64,30624,1022.55,17.27,8.3,ship,Block 2
S009,2025-05-23 12:12:20,-453,110.64,378.69,2.96,28010,1022.74,16.78,9.26,ship,Block 2
S009,2025-05-23 12:12:30,-477,113.5,401.05,2.9,33674,1023.44,16.99,8.87,ship,Block 2
S009,2025-05-23 12:12:40,-64,113.98,419.44,2.62,31020,1029.0,16.01,8.81,ship,Block 2
S009,2025-05-23 12:12:50,451,116.84,441.29,2.92,29148,1029.71,16.7,8.61,ship,Block 2
S009,2025-05-23 12:13:00,275,121.58,460.85,2.99,26474,1030.78,17.25,9.19,ship,Block 2
S009,2025-05-23 12:13:10,1011,123.78,480.53,2.91,30975,1026.41,17.16,8.99,ship,Block 2
S009,2025-05-23 12:13:20,357,123.49,498.84,2.89,32825,1028.22,16.04,8.79,ship,Block 2
S009,2025-05-23 12:13:30,-667,125.41,518.89,2.99,27923,1036.69,17.13,8.34,ship,Block 2
S009,2025-05-23 12:13:40,228,127.19,539.39,3.08,28024,1040.48,17.85,8.4,ship,Block 2
S009,2025-05-23 12:13:50,-64,129.63,561.04,2.77,26792,1034.44,16.66,8.05,ship,Block 2
S009,2025-05-23 12:14:00,456,136.8,580.49,3.26,29416,1039.23,16.54,8.53,ship,Block 2
S009,2025-05-23 12:14:10,-1054,138.14,601.71,3.32,30167,1042.55,16.92,8.3,ship,Block 2
S009,2025-05-23 12:14:20,-288,135.98,618.3,3.12,28413,1040.18,17.79,8.95,ship,Block 2
S009,2025-05-23 12:14:30,530,142.81,638.29,3.2,29366,1048.52,17.0,8.82,ship,Block 2
S009,2025-05-23 12:14:40,137,145.97,659.98,3.09,29285,1051.46,17.17,9.27,ship,Block 2
S009,2025-05-23 12:14:50,-53,147.92,680.93,3.07,29121,1053.0,16.61,9.1,ship,Block 2
S009,2025-05-23 12:15:00,3919,74.1,200.49,5.32,48001,22.0,16.84,8.18,ship,Block 2
S009,2025-05-23 12:15:10,3933,75.47,194.0,5.04,47964,25.51,16.94,9.71,ship,Block 2
S009,2025-05-23 12:15:20,3646,80.11,189.66,4.87,46697,22.04,16.66,9.15,ship,Block 2
S009,2025-05-23 12:15:30,4414,76.43,185.76,5.5,45935,35.38,16.95,8.06,ship,Block 2
S009,2025-05-23 12:15:40,2823,77.03,179.96,5.0,46331,27.07,16.5,9.97,ship,Block 2
S009,2025-05-23 12:15:50,4964,75.02,173.66,5.03,51043,20.86,16.41,9.24,ship,Block 2
S009,2025-05-23 12:16:00,3286,73.78,171.57,5.09,48440,23.37,16.63,8.83,ship,Block 2
S009,2025-05-23 12:16:10,4207,76.96,164.8,5.21,46137,16.97,16.52,9.36,ship,Block 2
S009,2025-05-23 12:16:20,3586,76.3,160.02,4.78,50146,39.27,16.53,9.13,ship,Block 2
S009,2025-05-23 12:16:30,3727,74.79,154.48,4.73,52275,25.07,17.44,8.24,ship,Block 2
